"control","A","B","Day"
33.9062502098623,38.0790235493674,29.6469956259206,"Monday"
23.0564647806125,35.5285820393406,29.4630775206448,"Monday"
49.7771238042828,20.3103499944875,31.3336175179404,"Monday"
29.1351615817546,38.9710585824838,24.9880089971786,"Monday"
41.5528399041834,40.8123392774236,26.4330462826583,"Monday"
32.1018397354062,18.4256584728451,28.7957837634559,"Monday"
42.6835852270774,0,28.6236745274723,"Monday"
29.7768357391321,46.0492612490632,29.0649457279799,"Monday"
21.9500239477232,0,27.2409177633448,"Monday"
41.0668755392536,14.7778684893125,30.3828250667802,"Monday"
12.4832783691859,0,28.2159309192976,"Monday"
32.7043218069478,27.9786814912597,35.4026234592999,"Monday"
9.00720107671732,15.2895320849728,35.8783482582063,"Monday"
0,31.2505195430701,29.1380722234669,"Monday"
20.9818796808766,0,31.7701155129945,"Monday"
24.1786902925369,41.074673256711,29.7508622007392,"Monday"
44.8536096772952,12.6062721802295,29.2064291573552,"Monday"
28.008622194347,28.7276420692379,30.1893542650608,"Monday"
25.2122954693749,24.009152027283,30.9544712934882,"Monday"
35.8289279890373,0,27.9907375056714,"Monday"
30.1130547227551,18.3624673126384,26.5123370030013,"Monday"
50.5701229239965,23.9380421794339,21.9245688328347,"Monday"
31.3462314446573,21.3391772453709,22.6693390541769,"Monday"
13.1096683553925,34.2008701182409,33.5418962698727,"Monday"
34.7623936553905,20.4129056978863,24.4517934657928,"Monday"
28.6416088809586,32.3591055949534,22.8453486169745,"Monday"
7.72888089868463,19.6847205482758,30.9604907182305,"Monday"
0,27.5770564517296,34.9785751913556,"Monday"
12.9595491168161,44.4577136322805,26.9096148505846,"Monday"
17.2341316938348,31.8411595079416,31.5370824582329,"Monday"
26.593261289273,25.6892497286382,32.5431137032142,"Monday"
37.7213658845908,0,31.9329579849245,"Monday"
21.7146105561535,23.2168981934888,26.3953680927812,"Monday"
19.8553503664234,34.2207423161925,27.7646524460275,"Monday"
23.1480624834816,0,31.6377891803337,"Monday"
18.8253591304714,22.9805802190626,29.6122426752566,"Monday"
22.3727250289194,19.6085329341187,32.8036984334861,"Monday"
23.5600119082666,10.9188196021056,31.5719641260554,"Monday"
15.4839198101058,15.0389162544684,33.134437933782,"Monday"
15.6893802181853,19.5769293035042,32.9572256886035,"Monday"
28.0044244860785,28.199001716158,30.8420676645618,"Monday"
47.3704358505885,27.8143265648306,34.2206757339354,"Monday"
34.0644333894528,0,24.691422473397,"Monday"
47.6882334194809,12.4442020510575,29.7844267223538,"Monday"
20.607547930075,18.3870874473918,21.2354701592934,"Monday"
17.2606817928755,31.7092300551788,23.9197308875715,"Monday"
13.3965929757752,20.5037402622964,27.3155652418957,"Monday"
0,21.6219916008258,33.8631068797143,"Monday"
30.3029147601854,0,26.5913045258925,"Monday"
45.0085976658841,23.5410381628801,27.7771788278777,"Monday"
30.2506794607677,33.0654111352347,24.2939315002598,"Monday"
36.521825895933,30.6513742881135,19.4216152021755,"Monday"
22.1627606523008,20.1932759663261,26.295357357715,"Monday"
19.5995201328134,17.6218579822972,26.0833964847999,"Monday"
29.7467059343539,28.0166515583073,28.535120051391,"Monday"
22.8282331116546,42.2951486812564,28.2115440177811,"Monday"
15.7738102738418,26.4796080679219,34.7802105506228,"Monday"
37.4446346287211,53.3269244076274,29.3121299765243,"Monday"
45.9879860041818,0,24.7133845499581,"Monday"
35.7957833384366,11.8142092979477,37.7686972718606,"Monday"
10.2995360352294,33.1856677441145,26.7193771645243,"Monday"
30.5775326681055,0,24.6216815855292,"Monday"
24.778507622693,0,35.4009201940995,"Monday"
15.1440096624305,56.0188858349017,30.2704942448735,"Monday"
39.8698561589505,30.2346864180095,23.8973651181516,"Monday"
14.7331739262448,26.0413595028665,30.0454775425799,"Monday"
19.2393714454798,17.2276574454564,31.4525987560266,"Monday"
41.6547512995683,33.3175958424464,29.3603531327291,"Monday"
41.5697193073268,39.7259367396476,27.5326944561979,"Monday"
23.5872440840125,22.00180803114,34.5274386320337,"Monday"
12.5715720584584,17.2546297481521,24.3959899016655,"Monday"
25.9011891928253,10.4600782872176,31.0826159735628,"Monday"
19.9829345231439,26.8469237664986,38.2841303014206,"Monday"
0,20.3411728936095,25.0129364683217,"Monday"
28.0930342570098,0,33.7694922467233,"Monday"
11.3941225612629,0,19.1847105472983,"Monday"
49.3905498627062,40.9780210993603,31.2446520141794,"Monday"
21.5169191544204,34.8902580453685,34.8499120747169,"Monday"
32.4517125171373,14.5352527087081,33.3539827972024,"Monday"
32.5536330071581,43.0764789362853,30.3685423739419,"Monday"
25.7111919474414,19.5501573278092,27.3671742762447,"Monday"
30.5676718043655,53.7326891596774,34.6716825788916,"Monday"
11.1733887614309,33.5567357368322,25.6439892726574,"Monday"
0,24.0272548078533,31.1250661644941,"Monday"
44.7506696156285,19.6522114679797,27.9868561612313,"Monday"
25.6277135436549,26.3874074952981,29.5888299234861,"Monday"
31.8026883388652,0,26.6970608932854,"Monday"
12.6239937254954,40.7581478184174,29.6868857925241,"Monday"
47.5275650886821,30.7398545650339,27.7356574699405,"Monday"
39.7528966027507,26.9715449716704,27.1065601418509,"Monday"
31.6386441020478,26.7791662685245,22.1929227776576,"Monday"
19.3484302638915,0,24.4467059790606,"Monday"
10.9208847285689,60.5682628078175,27.1281304655518,"Monday"
8.96407929613557,28.7814233505523,30.9877101336902,"Monday"
8.29027164950785,27.5753290985358,24.234943068069,"Monday"
23.3774856045164,10.2810325200862,26.8712120423382,"Monday"
10.7694625988444,20.3168291121326,29.3078657057679,"Monday"
29.4798454384925,0,29.6937069255074,"Monday"
27.5739062223781,10.6278103906667,24.4602882108281,"Monday"
37.8362564689811,24.417876732217,30.7907332789936,"Monday"
21.9007550843737,10.4020264085799,32.467264661933,"Monday"
34.6494666732033,12.4543197562722,22.0694809767864,"Monday"
5.52615486466294,27.3227961999051,28.5536160831415,"Monday"
28.5506498093977,29.7001114465612,36.1513304742064,"Monday"
23.2589909430388,13.2391391904064,23.8339552959039,"Monday"
20.1795794265149,28.3365432744267,34.0153661831556,"Monday"
42.6042698783472,30.4675135656315,25.3380909758452,"Monday"
32.3166783411885,43.2146074460144,25.4060896166341,"Monday"
26.6114641765489,11.7350501016108,23.3483003678129,"Monday"
48.4493121118541,0,24.9619147327707,"Monday"
15.4352827561966,38.567298022629,23.8621398192745,"Monday"
47.9698965645056,38.5400298964826,27.5007908319673,"Monday"
13.4256667271669,23.6987525508952,34.6189185931865,"Monday"
16.1470618666408,39.0686915383357,27.9959025417277,"Monday"
26.0400828428369,0,29.5572684470772,"Monday"
25.2363117391065,44.709870184462,27.0941190236569,"Monday"
37.7844537640743,12.6004912497091,26.0155686754138,"Monday"
36.4155070591526,31.4233078168942,30.8282504115186,"Monday"
31.7630874843767,29.7182975772552,34.3534591970775,"Monday"
24.2817455152373,27.6906148237224,29.9090359195607,"Monday"
43.9312512682326,29.7608875901476,24.5707116042747,"Monday"
32.6044389016658,33.5431594229236,28.7918892229347,"Monday"
25.6164688713717,14.8653950040221,31.5180746967017,"Monday"
25.7716912086538,25.3568602172725,29.4991794655832,"Monday"
9.20854816439156,16.9611015270805,21.235546242071,"Monday"
24.0886028119549,24.0965046803268,25.9954609031803,"Monday"
23.6275999622206,35.1578232663943,23.3827094264724,"Monday"
25.948021518212,14.6799695959207,29.383743162541,"Monday"
13.284782079795,41.9235101528233,32.6657009505947,"Monday"
15.4348609295342,32.4353703625595,21.8823706087303,"Monday"
37.7189424330375,41.566327847779,26.7535615851131,"Monday"
28.304484594748,37.1511808495281,25.2107222697953,"Monday"
31.9197847046897,36.218757866096,29.5125126144832,"Monday"
38.690234118982,33.880113747994,23.5276663960501,"Monday"
49.9257150218267,30.9007719446417,33.2926898551607,"Monday"
24.3691537410452,44.0498401942893,32.2655439096443,"Monday"
21.5977159453657,0,26.4627715337521,"Monday"
36.0868156962181,36.2345366745654,34.039094799751,"Monday"
39.160815349293,42.8969792830106,29.5551128781883,"Monday"
9.85892797052643,26.8582954378462,35.363126514189,"Monday"
31.1117023138984,0,22.5503951954388,"Monday"
11.7790851075097,20.1742530151031,28.6438560083908,"Monday"
12.5180674945108,13.5123780441573,26.8344064229543,"Monday"
0,14.3992883305379,34.7886673921149,"Monday"
32.2933560248201,42.1991510606667,32.8039784590373,"Monday"
48.8933296126769,27.4053686067572,33.2865692021487,"Monday"
6.13072887668977,31.3931672423182,32.8081368021648,"Monday"
22.0589542194011,0,29.7016471625775,"Monday"
0,43.8330894274616,23.0602218410296,"Monday"
11.7243855669309,26.9552415260713,29.7212999073969,"Monday"
0,50.9937825153905,23.265008493812,"Monday"
48.9895086696536,44.6285746442432,28.5223930309503,"Monday"
10.7253813281446,26.4379404386312,30.1779066774944,"Monday"
22.6170515116939,22.8448521079647,31.4241458295032,"Monday"
25.7911397842265,23.5723174398026,26.7025649941813,"Monday"
15.8111813954505,11.6128369972195,27.4774434942583,"Monday"
29.9091872225303,68.7663634415848,26.1425719511037,"Monday"
0,40.4401735015486,39.1864793262233,"Monday"
26.755925146151,37.251797379505,34.4606829878844,"Monday"
57.1975135616876,27.8644550919254,23.0075108586267,"Monday"
27.531178551276,27.5014971263615,29.4169709025642,"Monday"
41.1199741716398,30.6359937145245,31.184580531859,"Monday"
21.1870334466287,49.5969720626493,33.1410445184787,"Monday"
35.2074793690143,42.1596199103863,30.4270168731079,"Monday"
34.4177931794289,25.9503775016482,31.8535320894068,"Monday"
13.8948738423593,0,33.1626380191234,"Monday"
30.3888392339358,27.2162594533824,32.5168591117193,"Monday"
27.0831514381374,13.5726144515645,29.0222364829778,"Monday"
37.0960136188489,30.2751027197079,30.2721736750367,"Monday"
9.75745615291349,34.7340914282541,28.6816012341492,"Monday"
62.7149030890732,30.0720034282346,29.7349520191375,"Monday"
22.206312646408,16.5596369302021,26.4464908799079,"Monday"
39.7844391980924,23.2726399110013,25.8892878193877,"Monday"
63.2898537120233,45.4858177184243,28.8457338354726,"Monday"
37.4600543703497,43.2545850845476,30.7730632675146,"Monday"
64.1573081554462,38.9002180494591,27.5663120824752,"Monday"
31.252571349917,27.1345062689904,29.5176604463262,"Monday"
14.922543942117,33.4203442730858,29.041606410448,"Monday"
37.3029329407749,18.8123681724137,29.3190258528216,"Monday"
20.2908794869012,27.1081095616318,25.7108128648126,"Monday"
19.7976580830892,36.8423817247664,31.9475770759219,"Monday"
34.9535506346776,28.1116910080602,27.3239128948425,"Monday"
0,24.3304700986549,27.7885504620687,"Monday"
24.1776692851462,19.0166135510066,27.5661057364362,"Monday"
29.2019061414169,25.1011092902019,25.2602098318679,"Monday"
9.99086488717539,10.2118322004926,28.145810502261,"Monday"
29.4258553432755,29.7949491483044,28.0173155199256,"Monday"
22.8042039088283,45.9986346328157,28.6565790529971,"Monday"
13.1296402259663,23.1869094382848,26.9674521488471,"Monday"
37.3478434077128,27.3772878748307,24.458609505361,"Monday"
39.720214455646,0,26.7155481477518,"Monday"
32.3525718339372,29.4657883191671,25.7519029777297,"Monday"
32.745867072206,36.8087567651275,29.7889740470475,"Monday"
12.4175254345371,22.4300324751917,28.8235597715903,"Monday"
34.6420365657359,29.2448467157397,20.7899668792731,"Monday"
26.9117622219968,44.8831607753894,30.8644375363593,"Monday"
36.27212618653,15.9680334762749,33.6050860291421,"Monday"
42.9007442559184,39.6707040256627,34.2890912202889,"Monday"
17.1758337229718,25.3751576296146,21.5971708574392,"Monday"
25.7729598827914,16.8607319747085,32.7848270557402,"Monday"
56.911670641825,26.7778829152702,35.2429903444437,"Tuesday"
29.520702363373,23.5915599355941,17.9603772488662,"Tuesday"
32.136504818217,37.8548625196501,27.2479973694869,"Tuesday"
24.2170932672116,32.2173640835912,31.0672891519608,"Tuesday"
22.6071008439727,0,27.4491434723642,"Tuesday"
18.2778444135886,0,24.2977002876725,"Tuesday"
16.8628559673812,0,32.3376907117456,"Tuesday"
42.6608475087279,25.5754261330625,29.4165279228284,"Tuesday"
24.3865633462055,41.3876358988808,24.8639321012274,"Tuesday"
27.1065746315993,17.8258024299609,32.2524364981823,"Tuesday"
11.9238359283668,32.5604105883249,29.2144522928862,"Tuesday"
13.8485207399262,27.3211272924442,30.8733492369011,"Tuesday"
22.6506617589044,23.8110038591166,33.8729659059078,"Tuesday"
9.844974492126,0,30.9083679457219,"Tuesday"
14.4060166649186,43.1098219600589,25.7414283072487,"Tuesday"
29.0909811790988,48.0013115392581,32.1020162089399,"Tuesday"
22.9032702816301,52.7672558536152,29.3666868749907,"Tuesday"
28.398307404286,15.1914407603957,20.4423938400998,"Tuesday"
28.0671184364658,28.6891594875542,25.0225354774026,"Tuesday"
33.4226603017723,20.1214159330886,26.3663356109835,"Tuesday"
25.8061131871531,18.2457479146441,27.9680906567768,"Tuesday"
27.5569792085487,16.018934684567,31.6372852260038,"Tuesday"
50.5034226476737,34.8059634057628,30.4783471835631,"Tuesday"
18.2394372828689,27.7381349737579,22.9991261915063,"Tuesday"
15.0636832332353,33.9500091403457,30.3368538655567,"Tuesday"
6.42623540816214,19.3800884423536,28.9448174795542,"Tuesday"
31.2548012438507,28.211714357804,27.3912369837025,"Tuesday"
32.1478959211826,27.8907353500979,25.9914852265171,"Tuesday"
22.8634083823639,17.3425780898766,28.1444427809041,"Tuesday"
6.88439218057766,39.9337788959138,28.9759442891267,"Tuesday"
51.0181463207192,21.8750574051963,35.5716124269557,"Tuesday"
38.3614542129443,30.5475972141578,25.563902818937,"Tuesday"
22.0980557139596,0,27.1634703868464,"Tuesday"
34.3263552279801,10.7317932925071,28.7986448396174,"Tuesday"
13.502627767544,36.4702015420006,26.5708885284268,"Tuesday"
57.4759764075922,43.6124716596942,29.9029092450993,"Tuesday"
21.484864167235,23.4113619867186,25.5093663722239,"Tuesday"
43.221698907844,65.0777083908158,26.7488798138061,"Tuesday"
27.7337540374108,49.5806639640099,36.874035022096,"Tuesday"
18.554667618087,32.1000171125327,27.3471838747246,"Tuesday"
18.9147443951267,33.9036906711069,27.5513521817791,"Tuesday"
0,39.0360006424335,35.0800594203072,"Tuesday"
46.0718607271084,30.7931755961077,28.135402093354,"Tuesday"
19.8662366415395,22.9601246781456,24.8021305189859,"Tuesday"
31.3640137697276,25.7736125788154,31.8913792317772,"Tuesday"
22.9361583536041,39.5387249590577,29.9123574289763,"Tuesday"
13.4300217542124,36.3239168495896,29.1587256474439,"Tuesday"
25.5828880256155,30.7267159452421,32.0059362277039,"Tuesday"
0,39.7260912153344,35.5440836906113,"Tuesday"
25.746421464975,19.1998619234459,32.5134168754206,"Tuesday"
18.3353921436836,14.7487985787663,27.2127694782944,"Tuesday"
20.9163019885072,34.3709168038072,28.7530564334425,"Tuesday"
16.4559134057099,31.3322266468878,25.469587694716,"Tuesday"
47.1666292515417,15.6469690385831,34.4844374258443,"Tuesday"
30.5733238600223,0,29.6399560427613,"Tuesday"
44.1885613737141,38.1842078923671,30.2659377169675,"Tuesday"
34.2490326947846,14.1880808031608,27.4548699344463,"Tuesday"
32.2161617471708,19.366780400159,25.9025879187052,"Tuesday"
15.5336154009931,36.2878849254612,26.1265895340917,"Tuesday"
47.1607956506414,23.1822161776441,33.5401937060575,"Tuesday"
24.695236062057,44.7797628971816,30.4829397389416,"Tuesday"
11.5736129836619,19.2301418283018,30.3175422643224,"Tuesday"
23.3902078133874,44.9436344526006,30.4316118393563,"Tuesday"
29.8099072162719,25.6362824397823,31.7905969990809,"Tuesday"
12.5267014943965,23.6158288374215,30.0211418232899,"Tuesday"
21.1052046529858,31.9283411087336,37.4423145366357,"Tuesday"
18.1095205065791,0,26.0186555794146,"Tuesday"
12.813744176941,26.6737961546211,28.1723655422338,"Tuesday"
20.0735613670285,20.2939901281003,34.1968834221292,"Tuesday"
0,24.9280323512685,25.507173522705,"Tuesday"
21.7598810504652,56.1704410297061,32.6904986358955,"Tuesday"
17.8876809811376,16.4171040428495,24.8707854729855,"Tuesday"
30.8888153894448,38.4193465531512,23.9363376689817,"Tuesday"
39.194158514729,38.4895279530755,21.6099844388717,"Tuesday"
26.2919407412263,28.5332413069417,28.0162561765152,"Tuesday"
31.4657765726115,19.7256705317277,27.8567015983959,"Tuesday"
49.8488724083839,27.6098658066136,36.8965434758631,"Tuesday"
46.9673673051303,39.1285753911451,26.3047827374466,"Tuesday"
40.9496539816313,44.8852255259448,30.2932123863033,"Tuesday"
14.6696066405295,29.9739405762832,34.9902960855133,"Tuesday"
43.7765760930247,42.4996522150383,33.4558234159447,"Tuesday"
24.6856051373124,0,27.4471572005089,"Tuesday"
0,33.5399287295315,36.7122048281213,"Tuesday"
15.2505685980646,35.1864356112557,25.7870003318011,"Tuesday"
35.4939676133345,22.3231497365944,27.9867251394036,"Tuesday"
28.355982346742,32.5383527304651,32.0326760870773,"Tuesday"
36.316328294865,36.644731484316,29.9024986979883,"Tuesday"
39.0564846288584,26.0344186998144,26.2884745243972,"Tuesday"
25.3946270933073,26.7181325873883,32.0303212718764,"Tuesday"
42.1757156090585,13.4067184059938,32.5056787388747,"Tuesday"
31.8115266336253,12.3489010037831,21.105991887585,"Tuesday"
12.4320590500172,13.4363555397168,33.9976167929821,"Tuesday"
45.8273600154775,20.3761434297721,32.1246358892174,"Tuesday"
39.2478730067776,40.5091637137797,28.4210239497838,"Tuesday"
32.8807269641853,44.852632850996,36.3781711786604,"Tuesday"
31.6690053644523,26.0901579931064,30.3722757777241,"Tuesday"
39.5969390209845,25.2974725301494,28.4785158521603,"Tuesday"
43.6720548903138,22.6884157876381,23.4261691583819,"Tuesday"
23.3153842054964,24.063346538141,29.3784313932859,"Tuesday"
42.8681722730782,38.8237184886182,21.971002904504,"Tuesday"
16.6160378394862,21.0119390405032,30.3113044306134,"Tuesday"
25.0938443432229,18.5769848437894,33.3060963953524,"Tuesday"
28.8644111318373,0,31.0940602216173,"Tuesday"
33.9764421261312,18.3776375904737,24.159966464547,"Tuesday"
27.6705009450686,18.2029778195198,28.4712972760852,"Tuesday"
40.8419101985043,21.7663521107935,25.6213873245787,"Tuesday"
40.4687504312727,33.3333591268644,27.0463896682281,"Tuesday"
26.2148422110707,37.3829826776475,27.4398204823911,"Tuesday"
15.8218033868226,56.1844287515901,29.7589283882591,"Tuesday"
21.3198280559442,24.1305610024932,23.4372613671566,"Tuesday"
34.1318250806945,12.2836155404582,30.3061895001666,"Tuesday"
26.5604251958237,28.1317286711065,27.2631335152404,"Tuesday"
25.8512357080603,0,28.1563214335324,"Tuesday"
39.2937924018616,21.5113203625234,23.6967368580316,"Tuesday"
13.8579964263759,33.9432432130988,24.5751409671684,"Tuesday"
7.106622783783,44.0201028441933,22.6398060685425,"Tuesday"
0,22.623459404992,31.4452136481739,"Tuesday"
27.8110601375069,26.7453549215452,27.0718881217288,"Tuesday"
23.4873263709463,40.7432521141689,32.7168985007594,"Tuesday"
43.6794659778743,27.329889173558,29.5712839734837,"Tuesday"
33.4845023974488,17.0945844905519,30.3001970015183,"Tuesday"
21.0734883798503,32.6762380864833,26.4574193971737,"Tuesday"
10.7401893225539,18.8805078816296,24.8525715592821,"Tuesday"
32.9091396626451,34.2388858308602,27.0324164369344,"Tuesday"
43.6060238270639,33.5531859100234,24.9484233120837,"Tuesday"
12.9416274248856,0,30.2205364137545,"Tuesday"
20.534482934542,26.5278410464285,34.4248531248839,"Tuesday"
30.4905983761866,27.7005331860535,34.8362846632549,"Tuesday"
32.0931568487719,15.1051363389572,30.0102899360425,"Tuesday"
14.6164647769478,34.1292721080571,31.4846423547741,"Tuesday"
14.7860068063907,37.066331010357,23.9740951629813,"Tuesday"
0,34.0504429362403,30.1483002138756,"Tuesday"
51.059905329214,36.3402375453445,26.7622822171228,"Tuesday"
35.117587212078,31.1951666183476,30.1501952233436,"Tuesday"
39.7127386980758,31.3126902258349,25.6291089054149,"Tuesday"
0,40.50580822952,29.7940433802261,"Tuesday"
50.6189497901053,24.9382402674217,25.9444326276679,"Tuesday"
37.7826001436793,45.2947015321563,29.8817783745714,"Tuesday"
27.0504327795427,37.3623103091175,28.5217023387754,"Tuesday"
16.0091150060395,37.878505720779,25.2705040705184,"Tuesday"
29.4798207647997,28.9028863574371,33.8372754621253,"Tuesday"
18.5832592501617,35.2701293006878,18.9154879793154,"Tuesday"
33.0148684997719,24.2922293665965,31.1476419189207,"Tuesday"
44.085682745495,23.868843189673,27.7711010539476,"Tuesday"
20.0825196993235,13.5098752865387,19.2346954703308,"Tuesday"
32.8145531543737,25.1712812819081,32.1850207058087,"Tuesday"
41.2766335564527,24.4432432253445,25.0807858069636,"Tuesday"
25.9210072684184,0,36.7411078573288,"Tuesday"
14.1552135577657,0,31.7068934790148,"Tuesday"
26.1684451812084,38.6350338972881,34.73534177314,"Tuesday"
25.1416652976641,31.6327603984433,27.1757963521699,"Tuesday"
22.1067776924578,33.2574795630755,32.7833684062459,"Tuesday"
35.7239815237391,30.8379055112143,33.7919888589318,"Tuesday"
30.6924870832673,20.5059151346448,31.8762783675531,"Tuesday"
26.2071453963644,24.9153548767942,31.0068828763515,"Tuesday"
24.7861633335623,36.0637050027665,25.2530333057966,"Tuesday"
41.4100147387365,18.1043237573536,31.7050324587406,"Tuesday"
23.1220142756126,36.0733309197832,32.3060326026151,"Tuesday"
31.8977302106039,25.5105380563788,28.7757727542274,"Tuesday"
20.034323292489,28.388986414266,28.0047468423912,"Tuesday"
5.14013093430236,0,29.7758296418455,"Tuesday"
29.5938077038786,26.0855771386623,25.6246679402554,"Tuesday"
41.128382935594,47.9912896033742,28.0842646761477,"Tuesday"
26.6991231832456,27.5834519559881,23.3426481175416,"Tuesday"
35.5315011274182,28.5893120284506,34.9061023730073,"Tuesday"
21.7147254057399,23.4333174440869,25.2233762504976,"Tuesday"
23.2458738457745,22.3023581641363,29.4637638220396,"Tuesday"
0,21.1451814698477,32.3891713245768,"Tuesday"
28.0840478764253,41.2976982547949,32.3124930853613,"Tuesday"
21.2124317220191,34.9785890350695,24.6191014527555,"Tuesday"
23.8609069039563,26.2530965351474,28.5964938391127,"Tuesday"
18.370597521099,46.5883507775383,30.0980461015638,"Tuesday"
30.9779605290457,41.2082796839844,29.8566446027482,"Tuesday"
38.0962299044291,0,24.7145637656842,"Tuesday"
22.8619638360355,30.3578566095903,32.6071504837706,"Tuesday"
34.2081351153001,36.6816158545312,24.90647195019,"Tuesday"
54.3992089670863,30.9108892855952,30.3721982540814,"Tuesday"
37.0206168867824,18.8299533766178,28.9482198038045,"Tuesday"
21.6717847519345,20.7374785802327,30.2884132566882,"Tuesday"
31.7834343085958,27.0382522301888,31.0348547350866,"Tuesday"
25.1594045807666,32.4109837806106,30.7123229920897,"Tuesday"
20.8087518091535,24.6732763551032,27.7377020461302,"Tuesday"
28.5353755606991,0,33.9708979422994,"Tuesday"
44.4522485340996,38.3435254978192,28.5616556205244,"Tuesday"
33.5280328341225,38.5016197103795,28.8013130068346,"Tuesday"
34.3309465166039,36.4334776611759,19.0068246188648,"Tuesday"
27.5946670479376,26.8193501608635,28.809995956354,"Tuesday"
51.4469944172928,24.0672530502809,31.4419007330497,"Tuesday"
15.1989246989702,11.4503277276684,26.26666633263,"Tuesday"
31.3103626567972,31.769974940759,32.2529130003069,"Tuesday"
21.1270585257128,0,22.8447477509863,"Tuesday"
11.9267835951813,16.2562376719092,24.1364138663687,"Tuesday"
20.3137483267161,26.142747444727,33.8029635229944,"Tuesday"
21.6003594375005,15.8153008881057,30.2351951087545,"Tuesday"
39.6853450726954,29.4158898647774,26.392938980499,"Tuesday"
21.2005441870036,33.4360443059282,32.0500095867769,"Tuesday"
37.3852563343125,23.0942596355526,30.005981772019,"Tuesday"
13.5892632561972,17.839515354366,23.3110807199491,"Tuesday"
33.4253563416757,17.0566021836937,26.5874531164524,"Tuesday"
28.9072993195913,30.3812461516511,17.2625064275591,"Tuesday"
54.1283469905798,10.9067274895578,29.2572001952137,"Wednesday"
27.847323688244,12.5516306714003,23.6719194763732,"Wednesday"
14.012456786796,21.307047333529,23.2501547340744,"Wednesday"
17.7790072164241,0,27.6517439672577,"Wednesday"
23.9188516000287,25.6885985513554,25.4278415932937,"Wednesday"
21.5734712650986,0,30.6534037708393,"Wednesday"
41.0575547182756,20.8511232182112,24.4226865437783,"Wednesday"
0,21.1981938509472,33.217531082875,"Wednesday"
32.6012827869917,0,28.504424265953,"Wednesday"
32.8533280850898,29.6283983708896,27.466978399456,"Wednesday"
28.3657081992154,26.3275603645123,28.9234714895433,"Wednesday"
19.3143179624204,12.4279398962037,29.2871179054143,"Wednesday"
34.0784143915577,24.9161686071087,35.0126814001513,"Wednesday"
26.3548631472101,45.8585795323789,24.5043710118343,"Wednesday"
21.18570407884,20.2154797616907,29.8903112094832,"Wednesday"
26.4027557013795,29.2660970222751,27.5897641389301,"Wednesday"
23.0144029810958,19.0539840387487,24.8767300060179,"Wednesday"
41.0091479324547,18.3702579504197,28.1274453867821,"Wednesday"
17.7551918424393,19.8969850622854,23.7032522699652,"Wednesday"
33.868611857219,42.1514601730215,33.4946085131708,"Wednesday"
33.1734718243336,25.1931624924137,25.9362164111745,"Wednesday"
30.0833384669364,16.9293678942152,29.9181030727832,"Wednesday"
31.5142383186237,39.7357013250808,34.4258394709924,"Wednesday"
11.1821098645838,17.1507899646597,32.5976642757174,"Wednesday"
42.5471399925275,0,38.9229094606014,"Wednesday"
35.7170315235451,20.1776517762631,37.3913559055549,"Wednesday"
13.3641879591053,41.0839604278494,31.0996363085353,"Wednesday"
36.49363779588,35.2982803114394,27.8481210167504,"Wednesday"
28.7120605298461,22.4074422116169,30.8832100295996,"Wednesday"
19.5214724940234,53.5112394211641,29.7820548896887,"Wednesday"
33.7974630240576,12.5629818241474,24.6085295786079,"Wednesday"
32.2191458145073,19.2152834445056,33.6072059208449,"Wednesday"
43.1358334310207,16.2387942330357,23.8437206583661,"Wednesday"
10.1946674912159,24.8781401303706,27.5211801153859,"Wednesday"
15.1032939388358,28.5493480902989,24.3598739267708,"Wednesday"
36.4271364118083,17.9299515033422,33.6884280770889,"Wednesday"
30.6312601036533,34.6314539185393,24.3795915668165,"Wednesday"
42.6994447494473,41.3849696088811,27.0423078985546,"Wednesday"
27.9392980991671,10.7980948864177,27.8666901547908,"Wednesday"
22.4002400736391,20.5173765622569,29.4399840312402,"Wednesday"
26.8498637815735,38.0927845133859,30.3213555849453,"Wednesday"
35.5454713603367,35.9167323537048,27.9565277478697,"Wednesday"
38.7737841738819,23.5349888616534,27.9400020646155,"Wednesday"
26.3298757359434,35.1777333446798,24.6670865679672,"Wednesday"
10.478050625002,23.7803749076752,26.9339827902497,"Wednesday"
26.2152071654566,37.0457069936563,29.3218930661456,"Wednesday"
17.1894148626646,0,22.5663090261403,"Wednesday"
27.9912360016443,10.8798565144818,30.040646843064,"Wednesday"
30.9330538597565,18.6321074808072,22.4969656548688,"Wednesday"
5.65693786348107,0,28.0992444716358,"Wednesday"
22.4195373018425,26.3565937381625,31.5125382725834,"Wednesday"
47.7093587497262,19.6642258955209,28.8768782301432,"Wednesday"
18.9053513345262,41.4168227703675,27.7491366179234,"Wednesday"
32.1494401678579,44.1434680655086,34.0032682667144,"Wednesday"
16.4180057822692,51.0488585873046,25.00195586986,"Wednesday"
35.5956331480401,18.9405156549652,27.787450684813,"Wednesday"
36.6929958427968,26.7215640018502,25.7802950089873,"Wednesday"
43.0563520964461,25.2172420328483,35.1533529531327,"Wednesday"
24.2998839064167,36.3527596267063,22.8891694442655,"Wednesday"
33.4209849055681,24.5330709764015,26.0261477860705,"Wednesday"
42.9093068772247,25.7383256586595,31.1562231387214,"Wednesday"
28.0357166233079,0,23.5190672930909,"Wednesday"
13.4060379925587,17.1409895464155,28.4619399698584,"Wednesday"
46.1127561421923,24.5105443031668,26.9231704145274,"Wednesday"
0,32.9668033181818,35.8696712422973,"Wednesday"
5.46653885416555,22.8029010526442,20.4220109690313,"Wednesday"
43.2462730797316,38.9182737901816,29.0834063733255,"Wednesday"
12.8666548806907,25.0307855317084,24.6801955992839,"Wednesday"
26.16489055272,27.3955474402757,23.0978902329022,"Wednesday"
14.0385784229155,41.536017068565,20.2402811918946,"Wednesday"
36.5691198700951,19.8830933298172,21.6153613180751,"Wednesday"
27.8939069950245,24.3035680029604,28.420719840828,"Wednesday"
38.8697556412235,15.5852289972244,26.8263968236451,"Wednesday"
31.4429453434872,41.9388191259316,31.9173018264242,"Wednesday"
36.6204622794849,39.9131635608052,22.8417119780049,"Wednesday"
22.0112426161018,12.6066026242329,27.8124715395371,"Wednesday"
10.4217957094642,29.2399728235672,25.4975877375186,"Wednesday"
30.6729161412359,14.0905635034043,34.2373030188481,"Wednesday"
19.6064297766712,54.3023445591026,30.7828917349264,"Wednesday"
12.5779884349444,19.2242338603404,23.2712769482855,"Wednesday"
27.9212503411617,0,30.9507410449585,"Wednesday"
26.177523003733,12.0613074756741,30.442818883154,"Wednesday"
34.315912413736,13.9420967767125,26.2497183781108,"Wednesday"
8.77125993118172,33.6588428882346,24.0590278733753,"Wednesday"
19.2750964585372,39.7706474882791,34.3756440477641,"Wednesday"
38.5125689252258,32.2901760736161,22.8839017437183,"Wednesday"
24.4911424594982,42.239071633425,36.4924001969142,"Wednesday"
0,0,31.2603248588511,"Wednesday"
36.3867103180914,49.8854219220278,31.7516452013528,"Wednesday"
52.1655834097317,25.6214038328621,26.1000678624579,"Wednesday"
15.6294902086579,19.5907842538302,34.3130867015881,"Wednesday"
20.9179413222476,19.9375789693397,29.2591052339351,"Wednesday"
34.0297854753148,20.145542605903,32.111693192863,"Wednesday"
19.6954512360101,22.8704178030287,29.4783566587573,"Wednesday"
37.4308631926259,0,27.1313218313875,"Wednesday"
29.7175107249184,35.678273942419,29.9389839596858,"Wednesday"
12.4462088418732,32.3022973272783,25.4680997941057,"Wednesday"
25.6788625293703,18.0152185915365,27.3405321089255,"Wednesday"
26.2322055815609,37.503481306659,36.6419272781256,"Wednesday"
11.3442297409596,19.8674648035551,29.4291648443604,"Wednesday"
32.7377979708308,45.7050640342068,29.733895644596,"Wednesday"
22.7607556048503,22.8026974358473,29.7825043207741,"Wednesday"
24.4346301436313,27.9396131139689,29.2759856823723,"Wednesday"
30.6664651110373,0,28.2631214841901,"Wednesday"
43.9609327794996,37.7592925509687,31.5282593872587,"Wednesday"
36.4493488763394,33.937111283548,28.7623081660986,"Wednesday"
19.0198878284732,0,26.5762499843871,"Wednesday"
27.4842225338523,32.5051095911607,23.3553954228761,"Wednesday"
31.2614267332505,28.4458489355514,28.0453995849851,"Wednesday"
0,32.4018356161756,28.2001305666464,"Wednesday"
23.12901101355,45.6804119913893,29.6106115468599,"Wednesday"
0,18.992807685609,28.2737330099393,"Wednesday"
42.4708590848377,36.2978496105498,28.5750192192445,"Wednesday"
27.1445227143124,19.0858904263536,24.9982132371884,"Wednesday"
16.2468869429695,33.2400907704451,30.8278447389698,"Wednesday"
42.0465189302205,30.5854676626938,28.2046924781397,"Wednesday"
25.0061597976811,21.17009951171,25.0350730120997,"Wednesday"
35.9176912463323,0,33.2020745755926,"Wednesday"
26.3039916069236,46.1738444526803,33.48330177184,"Wednesday"
0,31.6038981760164,34.9223404373286,"Wednesday"
18.8680469536975,15.296078552216,32.4321648053339,"Wednesday"
29.3034329219821,34.9173294685115,30.2255174740541,"Wednesday"
23.0742986854545,22.0005825142661,27.4837216527879,"Wednesday"
25.6169525584003,30.966313295818,29.6752204805654,"Wednesday"
32.3715819331084,36.9126109982345,23.9128075082825,"Wednesday"
10.704066088381,0,28.1043843175788,"Wednesday"
19.8777617306595,0,33.0543353487103,"Wednesday"
31.9849631728505,28.9305812119265,28.7379176201179,"Wednesday"
26.9407972620089,37.4739571994335,22.284063249181,"Wednesday"
33.4759264966839,57.5966900468088,27.4166599149506,"Wednesday"
42.5520398446254,15.6160421303121,27.79195014059,"Wednesday"
31.9409627945287,44.093009220303,31.4991499945513,"Wednesday"
27.7194604942065,25.1900113984779,31.1269924917266,"Wednesday"
16.0750488508973,22.794023233295,29.6818879199475,"Wednesday"
11.2920335112373,29.7851845836681,24.5454122064002,"Wednesday"
27.4539664010615,20.9275723636285,17.4958673305456,"Wednesday"
41.6927006458309,18.0084271274542,29.7809770047165,"Wednesday"
27.2118380600343,35.9651425474485,33.2714737225617,"Wednesday"
22.3546836090508,0,28.22301888289,"Wednesday"
53.8354105247201,15.598903427034,30.6226077964572,"Wednesday"
15.2910808868248,30.6092677982393,29.5054500509561,"Wednesday"
42.2753693351294,41.4909524177789,32.3798310882627,"Wednesday"
31.1492625685775,15.2291939447074,25.6716422695313,"Wednesday"
10.4504058549806,12.2236942588227,36.8158975975357,"Wednesday"
0,22.2281841894039,27.2197918752172,"Wednesday"
22.2200740037638,45.1120478412111,25.1904765702728,"Wednesday"
26.2023203477771,41.9171597963733,28.8777834824311,"Wednesday"
19.0908499428149,28.1666684439882,27.9778526218787,"Wednesday"
5.82000070007205,30.0832661797456,26.6581228818927,"Wednesday"
25.7582524836772,34.5901552566095,33.7215467420991,"Wednesday"
34.971035061726,58.9062170214414,34.1017691911981,"Wednesday"
27.9530044034346,21.383713855707,26.777280711402,"Wednesday"
20.6095422824565,18.4573232644427,26.8174942697965,"Wednesday"
15.7841150187765,25.7439769008867,28.8491020580535,"Wednesday"
21.1875983553022,26.9990244260194,28.8142839428551,"Wednesday"
17.5838703425361,0,36.3898248556291,"Wednesday"
25.2975216955531,24.0551728831824,22.677044762433,"Wednesday"
20.2094273197143,42.2488883293515,31.1668974411645,"Wednesday"
26.1033946419589,24.8823768247947,34.9212118683922,"Wednesday"
29.68034273867,12.7417525995399,28.9967212815722,"Wednesday"
32.5476046870843,54.4898941119838,30.2782378260955,"Wednesday"
10.5852707188666,29.915143368675,28.9844328622338,"Wednesday"
39.3934384200899,16.377876426111,32.733982415766,"Wednesday"
16.3850032528007,32.4700026114754,25.510971931092,"Wednesday"
25.5102574676029,30.3264444018977,30.8572121348329,"Wednesday"
0,29.3247144139336,23.7592804838257,"Wednesday"
21.898014742545,16.7078889811366,29.392148004052,"Wednesday"
36.4082044209326,26.6111005240043,36.2297282284169,"Wednesday"
12.1317713573702,33.9288376446612,28.4058866227467,"Wednesday"
21.6347948676632,27.5107406310854,31.633936915542,"Wednesday"
23.7276367144045,43.3331557073687,32.7630301012967,"Wednesday"
45.3815021138183,12.8956183954696,22.7633281771387,"Wednesday"
41.2691134845038,30.9557842339099,24.9941796498802,"Wednesday"
48.9649834676834,21.9297119757265,34.6571217493937,"Wednesday"
14.1108587957799,30.4749979122827,31.9321881869254,"Wednesday"
43.3152873719424,25.8929217270118,31.4935876264942,"Wednesday"
37.7524660948174,41.8248523723911,24.2833518103914,"Wednesday"
46.6857884062912,23.1780123220073,30.9856507189954,"Wednesday"
45.8350812795952,28.7927673823862,36.0563754541916,"Wednesday"
26.294413382192,24.935413797284,26.6265793754139,"Wednesday"
31.9326895009245,23.4618165530743,26.1872801365992,"Wednesday"
21.3763834588993,36.9163103914374,29.9033508603223,"Wednesday"
30.8469969733221,52.8767450047081,26.1435006081248,"Wednesday"
43.6493961716156,25.7823899880912,26.8642194641098,"Wednesday"
22.4519496004315,54.1070110151791,24.3152997620446,"Wednesday"
43.6846337667554,42.0957471939582,27.0014080222387,"Wednesday"
14.9899876891109,24.3549520724398,36.4948505248558,"Wednesday"
31.6495468643827,21.0548429297428,33.5775572756088,"Wednesday"
39.8763543640821,14.4100925595455,20.4016785274603,"Wednesday"
13.6444681108377,21.6849971831563,34.0793363326727,"Wednesday"
23.1938061078548,34.7724609322995,29.6592119728446,"Wednesday"
0,30.4991139802821,30.1644164867875,"Wednesday"
18.3660648505871,13.4226753004247,28.2607064935044,"Wednesday"
15.5715119903934,19.2197004714231,24.3223001559057,"Wednesday"
24.1434162822035,22.8781024262826,35.1058820262336,"Wednesday"
33.5928197689372,14.3709202162454,37.6157372957873,"Wednesday"
28.9919427785456,39.653753665159,33.965378755728,"Wednesday"
24.0600845526515,34.7106741833892,32.5755482632499,"Wednesday"
39.0431673339725,41.857630648315,33.1964412217969,"Wednesday"
11.5001828275738,15.2575902694472,28.6197268553216,"Wednesday"
23.2253104938446,14.5124007927257,30.286907613093,"Thursday"
36.0004625033931,41.9357359732746,28.7835487449595,"Thursday"
22.2035774471866,23.2465920839436,24.6000327719438,"Thursday"
22.9551255914297,24.4304182672166,30.6339982689113,"Thursday"
24.4753733751987,41.3150345100793,24.336589813432,"Thursday"
25.0115789909431,21.5828856515175,23.8818948309267,"Thursday"
55.5260643132125,25.9700122170536,24.4674701222485,"Thursday"
28.2434051562237,27.7371494576719,30.1462755801861,"Thursday"
13.189277735716,40.2103288097099,21.5501085132668,"Thursday"
20.9631291913375,26.4781177618168,27.6376419584245,"Thursday"
12.512940919257,26.2211252804207,25.5638712583897,"Thursday"
28.0210547934167,45.4923731489883,28.5326126184533,"Thursday"
34.3198658561778,22.0299255617001,28.2051192720274,"Thursday"
29.688411051395,36.0155055011846,34.1827996087943,"Thursday"
39.9491376277162,23.7426716703151,27.645543868068,"Thursday"
19.1448485843006,34.1403243965693,31.3840739949095,"Thursday"
21.4713532499843,27.9588468791266,32.0397688062615,"Thursday"
20.967989370158,16.1285778979678,24.7734091327654,"Thursday"
19.5940547841242,33.0521658540412,29.6383795114631,"Thursday"
31.9558659291731,54.3614562054744,22.2759726827101,"Thursday"
20.9023839515703,0,28.9251745782687,"Thursday"
34.7207307141814,24.5551419317297,24.9186306167196,"Thursday"
35.0441183612773,33.8052794749734,22.0806891798624,"Thursday"
25.8995497475073,23.6778145692762,24.9541274417949,"Thursday"
32.979769977713,11.473399528623,26.3160497960793,"Thursday"
16.500821684295,26.8254104938614,30.4242842524589,"Thursday"
14.8112295989398,37.5193573277507,26.9692451991278,"Thursday"
34.6535329796972,41.1945612167778,32.338464210503,"Thursday"
26.4642097524022,31.5648778106217,30.0428978553256,"Thursday"
30.4038328504449,36.5455966041102,31.9473976225889,"Thursday"
34.6488227171408,12.2018293299729,35.9472571751414,"Thursday"
38.9960707381065,19.0178840685162,30.046895403379,"Thursday"
0,14.4195910759437,29.0013075657917,"Thursday"
40.4937793028006,19.6442458652081,27.076113148423,"Thursday"
0,23.6312343571881,30.6630900213087,"Thursday"
23.6823001717996,31.6959010390282,31.7936457895545,"Thursday"
37.2441378793282,51.5417547110399,27.8629883227378,"Thursday"
21.296796221144,22.310412619938,24.2325977824838,"Thursday"
37.2596501257508,22.5074034399307,27.4198471974072,"Thursday"
16.3840943404756,21.5048865401413,27.00689490146,"Thursday"
41.3452511336589,15.6858437787298,31.1024999090799,"Thursday"
40.9198821762255,37.2964720028356,26.425383292433,"Thursday"
36.5227610142995,43.5812616606706,31.4921039369731,"Thursday"
18.1057409594635,50.6072504088674,35.1025076565939,"Thursday"
32.4785160017943,46.0527315557133,28.4659308578468,"Thursday"
14.7929171145487,28.3091280725667,31.0875427327871,"Thursday"
25.8985575709597,42.2917301698819,28.5614315988297,"Thursday"
33.0633857943421,24.8157250935273,29.8109382054344,"Thursday"
22.4963624102013,52.1819273778785,30.7267033067832,"Thursday"
11.1389366444464,24.0793600677139,32.6476666810941,"Thursday"
39.0562557434734,32.7246163996315,28.4123023984541,"Thursday"
11.9840258507212,25.5428227970203,33.1285306388874,"Thursday"
31.9194977657815,18.7043917355799,31.4880673252368,"Thursday"
31.2377409162606,0,27.2472070840764,"Thursday"
0,33.2465973503018,27.2648378622227,"Thursday"
41.570304744597,21.0322812538814,26.355199676023,"Thursday"
14.4230301049836,40.5875339043371,31.8536078650292,"Thursday"
26.8687156775582,39.0633779913453,29.1405283380008,"Thursday"
36.2325920942677,13.2287344796441,31.1033791406945,"Thursday"
22.4140244016198,0,28.4712550295146,"Thursday"
43.4922031237651,38.3432582230269,28.4526086173539,"Thursday"
18.4481254821127,39.0831441765323,25.8030396209368,"Thursday"
30.2993984153808,30.4948363541574,25.4288131788311,"Thursday"
32.5017753835544,0,31.0796077991174,"Thursday"
19.4972747160286,0,26.4125056019016,"Thursday"
19.9991178925345,40.3258804471867,26.4008924799733,"Thursday"
14.867904281933,0,25.5314855983863,"Thursday"
41.4611928140212,43.088044383067,27.7449050183273,"Thursday"
24.1465667722762,33.2693083024874,27.3715849193066,"Thursday"
14.4480899553527,30.9546397412974,25.4951592783441,"Thursday"
10.4530262999865,15.7533291785744,28.7539703479097,"Thursday"
39.4202265832996,16.0542415241375,31.2686200336487,"Thursday"
37.1977233430272,35.2828128663501,32.9847415369225,"Thursday"
7.10707874260246,38.8029834753343,24.9633719673913,"Thursday"
28.5576913137594,15.3103056222028,30.1524890079127,"Thursday"
25.688209634662,20.9387627268501,34.9393764617905,"Thursday"
22.1157595672382,32.2852677750455,29.6319706593852,"Thursday"
18.973973610563,0,25.693277461994,"Thursday"
17.3675476590979,56.8189468249432,27.2092235541765,"Thursday"
21.5124243253276,17.5987844336357,30.8738685998286,"Thursday"
13.0595004006371,23.8023652275771,36.100527908406,"Thursday"
14.7136178350034,31.4372924615729,25.1415972144082,"Thursday"
46.4979732382432,20.499899458224,30.1702374542012,"Thursday"
16.3089866578793,27.4551825628361,24.8546155321748,"Thursday"
7.05403106600458,26.9295193617478,30.5283662058179,"Thursday"
23.5507738005016,14.0718617051611,29.7381227109223,"Thursday"
28.3050008540491,34.0867543847051,32.5880439857271,"Thursday"
31.5171774527925,27.2628709638821,28.710446831174,"Thursday"
15.1070630467766,18.1535477757321,28.6970810957637,"Thursday"
39.1506005556922,27.8628014730474,26.8310411811835,"Thursday"
48.1171459471562,28.9902952001819,32.1636980620049,"Thursday"
21.1859409085077,29.0013155738754,17.1009585164471,"Thursday"
25.5281631275326,0,26.9334906426657,"Thursday"
53.4449080392443,16.3307864883152,31.0089139112657,"Thursday"
32.4447319991354,0,28.9209776582974,"Thursday"
21.5690569547492,16.8184177570035,30.5625417288265,"Thursday"
8.01877392185558,17.4714113172362,30.8737323390883,"Thursday"
41.6368144698109,40.0496149400594,28.3939789204318,"Thursday"
34.1471200372467,23.4159404661548,30.2894285627592,"Thursday"
45.5296414464086,35.631576356921,25.7721916943504,"Thursday"
42.199371096942,0,33.3348102606351,"Thursday"
27.0179951116873,32.389705546436,27.9786941011366,"Thursday"
28.2808415420979,10.8056268154563,23.7228874035911,"Thursday"
30.6282070389332,32.3466498463848,35.0081413758729,"Thursday"
0,16.2572289360391,32.8950029260766,"Thursday"
28.7168360170326,23.0750583513408,26.3472010942759,"Thursday"
39.4274455998454,22.6763017113175,18.8179368038662,"Thursday"
27.9235170143985,31.3465663500093,26.417103543007,"Thursday"
44.4710753667474,36.0307565068986,34.9640124132511,"Thursday"
26.4628974760285,0,27.6357801081018,"Thursday"
28.0185215644364,52.5180344833887,20.9565446667357,"Thursday"
8.92295748087759,24.9347524096431,26.8574317253026,"Thursday"
15.412107637176,18.3295173350387,25.2163489924073,"Thursday"
30.0149962898365,39.3385385860345,25.2986843301634,"Thursday"
41.6665207062541,25.9408282463406,28.9672634085204,"Thursday"
0,36.0652714671741,25.8849180320405,"Thursday"
44.5784339107528,32.4328127162054,29.398824829543,"Thursday"
41.1873800873343,27.1291175171302,23.5708753094694,"Thursday"
48.1794793316744,24.6984689862798,33.8352046962203,"Thursday"
16.0373691083423,0,26.2849797025306,"Thursday"
28.9516980485007,30.5923723196161,25.0060158926324,"Thursday"
13.4945078077931,34.0754082050113,31.132232165453,"Thursday"
0,26.5631665489165,20.8267384286148,"Thursday"
21.4961887885536,34.7366882994608,35.8484933938417,"Thursday"
51.7318652400095,30.8150704791698,35.5935329026981,"Thursday"
11.2997534032625,0,24.0679910570205,"Thursday"
25.6808759130709,33.4516956239084,30.1236419984904,"Thursday"
22.0317382407813,53.9285440480851,33.094326640249,"Thursday"
19.7382200231673,41.0124045140733,24.2181232154039,"Thursday"
32.8433563048939,0,29.7396665973135,"Thursday"
31.7747070351132,29.9672146446704,33.4863852894058,"Thursday"
12.27109680247,24.5231508002314,30.8918217722011,"Thursday"
10.1681140348569,31.9498443995731,31.244345755754,"Thursday"
37.8896913587044,0,30.0077321876147,"Thursday"
25.2083673548623,36.793054900943,23.0422410531903,"Thursday"
30.8161802729376,26.1102998229222,24.4987304066114,"Thursday"
30.6541706845762,30.4041688631659,24.5806459795195,"Thursday"
23.9221992299242,29.4611594111597,32.6311439854733,"Thursday"
21.0376366688698,18.6730548587304,28.5326009812015,"Thursday"
40.689963852175,33.3403612811966,29.053839241193,"Thursday"
20.3013896406481,11.3120911787075,24.5540650486416,"Thursday"
27.9314604325026,10.0706997661551,34.2831825293121,"Thursday"
30.4879176134035,19.7368775841596,32.0173732836627,"Thursday"
24.1837586182263,0,33.6105910671773,"Thursday"
30.3312454794081,15.8208946616854,24.6582129685272,"Thursday"
17.8376913808072,41.5242224434054,28.0390609404056,"Thursday"
24.4170008259236,20.3360342286016,25.3269089097758,"Thursday"
25.9304624360197,18.3969582207353,28.4494512926941,"Thursday"
32.9572897047789,27.6983009620851,25.2273197305076,"Thursday"
0,44.0554331157897,28.5252871991557,"Thursday"
26.9134431251556,37.0772618822752,27.2281264972452,"Thursday"
47.2814921802286,0,28.5872397794946,"Thursday"
44.117418084796,41.1812193729335,27.6472604384687,"Thursday"
33.7673042935067,35.8260161865846,27.5197631058959,"Thursday"
14.6616035123407,38.7051511615813,29.9838366410635,"Thursday"
43.6207875917263,26.0350674189586,26.5897661244282,"Thursday"
43.1828611898173,29.284987782318,31.9744200970695,"Thursday"
43.1753393001999,28.9916271857529,25.9571592404769,"Thursday"
22.410318701697,31.1688411511893,26.1938020110184,"Thursday"
28.5819869948281,18.3084200866102,24.1081466898856,"Thursday"
20.8609397877613,10.4442157326732,35.55796227886,"Thursday"
32.9862082342064,43.3097888373239,32.8790162281423,"Thursday"
50.6831402335052,23.4441687075682,31.0757088057052,"Thursday"
35.8679570594579,22.6000278028198,33.2850852759996,"Thursday"
38.9852516758309,39.5209927340225,29.3388334534513,"Thursday"
17.0951005392689,23.7609047455968,33.303653132436,"Thursday"
14.0058894396898,10.334946658464,26.3145504961951,"Thursday"
12.5120720535526,25.8098170162445,29.6493796057827,"Thursday"
8.34409477317429,32.7893794266005,28.860996207906,"Thursday"
42.9055137308226,20.408119684535,26.2455825971371,"Thursday"
0,27.3196384517798,27.0354399685107,"Thursday"
49.7944289695536,29.4499397947874,31.3546530703476,"Thursday"
9.05011246555034,31.6222723168055,29.0174432438511,"Thursday"
20.0224892851126,0,26.0152732032379,"Thursday"
20.26528444894,18.2566151590108,26.7101787551789,"Thursday"
31.2112272020417,12.8814639493807,30.3215476045899,"Thursday"
38.0167944053298,17.6240527372006,27.4794806076536,"Thursday"
44.0232231646604,32.4407686135501,21.6458675443516,"Thursday"
0,34.7590667909421,34.2508786338658,"Thursday"
11.2573755006675,12.1629021078992,31.8055668895532,"Thursday"
9.97682238817855,28.5527318668332,27.4146930663092,"Thursday"
41.7747657722192,27.1700733747167,26.2329997675543,"Thursday"
33.0415496665255,22.8423999551771,36.8129655823263,"Thursday"
26.7606919242352,36.7936744502,26.2195093181412,"Thursday"
36.6913744130794,36.2292550682355,29.26489726726,"Thursday"
24.9664150269218,26.4707507109541,27.9158433262922,"Thursday"
30.1360504265324,46.2817106631053,25.2324707684761,"Thursday"
26.7220256639549,17.2648059160245,29.0181730126334,"Thursday"
24.7349606291876,0,28.1733181012533,"Thursday"
35.289058804309,30.67811137301,25.1618982126816,"Thursday"
13.4392357553662,32.3070229214878,21.9414942609072,"Thursday"
26.3005803905342,47.0570532741817,35.1193573044867,"Thursday"
29.5331783620613,19.3613812892127,29.6141084165525,"Thursday"
33.7170624068173,28.1036076044036,33.0571488296829,"Thursday"
27.691237769723,25.6670822940418,26.415988304894,"Thursday"
0,26.7735039634713,26.2522960536738,"Thursday"
52.7539103126886,38.5884669740708,31.3527389705354,"Thursday"
22.6831623279839,37.743331945116,32.0514434859877,"Thursday"
25.7489485179733,15.5006382379069,33.1043155742671,"Thursday"
10.0261313404468,0,32.0322209306326,"Thursday"
32.2968915368781,18.5397213479722,32.5325874541894,"Friday"
0,33.8848170089064,31.7465658947055,"Friday"
20.6552206892953,47.5016488965473,30.2264591667617,"Friday"
56.6801987652071,29.5181078109918,27.7714476172705,"Friday"
39.9728953465578,35.9150300204563,30.6182071010696,"Friday"
36.068060325107,17.2253117065572,31.5221535268837,"Friday"
46.7438069735162,35.101969327301,32.9745079140864,"Friday"
32.8161539605507,38.2737742292347,32.5781252988811,"Friday"
35.0670465699097,32.5090364673056,31.0942032845279,"Friday"
24.5378083049434,34.6247655873069,33.2458632877929,"Friday"
25.865254706624,43.2705167470677,35.8217063470559,"Friday"
60.7606743361786,22.6403808764393,39.7299944055833,"Friday"
41.433499622363,24.5519294855993,31.5006140608357,"Friday"
28.1272314383661,20.9739853602265,25.2348554103405,"Friday"
52.2613371682105,23.9697721095892,31.3682845790008,"Friday"
0,26.3686610502175,28.9449702292672,"Friday"
18.9699133433978,23.9399476090233,27.5590316452599,"Friday"
27.2778632157108,22.2887044398276,34.4320045980947,"Friday"
38.4746279715191,49.6896492861289,25.2070013399982,"Friday"
30.0214698911482,26.3600165275299,35.2614979091406,"Friday"
37.9566824747521,33.4698609274291,30.8017687597645,"Friday"
30.4598165065531,0,38.3910872626687,"Friday"
37.4647252392886,26.8769118655681,34.0245616820073,"Friday"
29.6708743555661,25.7607036849881,36.0591335251575,"Friday"
37.103783355698,49.4504662924683,30.9980769069002,"Friday"
39.5510309427804,12.5733807269166,28.5557585119041,"Friday"
45.5058684784895,22.1568001737489,35.3125690232289,"Friday"
8.19923725053083,18.0522621067549,30.8847284686484,"Friday"
39.4831174680315,14.3017216038393,27.9841131327512,"Friday"
37.5131112714162,51.4099900991549,37.9113200684759,"Friday"
31.8417117266226,18.434609005908,33.7998710557656,"Friday"
22.7414075822772,19.9163827055325,33.3899552397122,"Friday"
47.191297284631,12.1206548707815,26.2033240096064,"Friday"
36.2626786804274,16.6426233736242,43.1720212668082,"Friday"
30.212984471114,35.8302251523602,33.8531734340944,"Friday"
13.0445268957239,21.2427318817913,26.4410884475283,"Friday"
18.9369919723421,22.8166656464478,27.9920859623377,"Friday"
25.2776677780524,38.0314089610616,32.7948698869229,"Friday"
8.90082018998027,33.3029498761285,26.5935477345893,"Friday"
22.407952168346,34.5589982124189,32.1688019664779,"Friday"
36.0294731648235,0,35.9845743488135,"Friday"
25.7450039539548,36.0162011925857,26.4748743306574,"Friday"
14.8343825686068,41.9000611461759,31.1893023617065,"Friday"
31.3561763601785,59.565692851256,33.4285429707424,"Friday"
28.2730006568596,21.9435288906262,36.4039314724166,"Friday"
13.9115954953873,16.3137064333834,35.84973106608,"Friday"
33.1520869277214,37.6901894168154,31.048596609346,"Friday"
43.0289738221911,16.5038086014794,29.1761849918484,"Friday"
38.799482945326,30.9196942055387,32.7353380844479,"Friday"
0,36.8268029757103,35.2151596764264,"Friday"
25.7558925251904,43.0618126438447,33.6773969629685,"Friday"
23.1193585901924,49.8532473081609,37.7819175082107,"Friday"
21.548162927933,33.0344019752586,30.3560869088337,"Friday"
44.7872745070064,43.0660262247015,36.7410498448983,"Friday"
22.5307867923625,27.0008393481925,35.3946468560996,"Friday"
29.7050524911044,23.7044979586309,28.117363560859,"Friday"
17.8907155629506,26.1944044629895,25.223037856527,"Friday"
39.1867018948773,35.6248812726963,32.9667416370543,"Friday"
47.5359582113415,34.8381732273074,34.1788709621556,"Friday"
26.9761266799742,23.7411168454344,29.0607271466794,"Friday"
30.3336681875309,23.8023299527452,35.1071008412117,"Friday"
23.9960083860694,19.8925677212558,28.7159277537974,"Friday"
27.5637449912538,41.6229158809699,37.3996100003323,"Friday"
55.474376161849,15.2759137461196,28.9125328146289,"Friday"
15.6593162622715,10.1023813440125,33.3334804178813,"Friday"
33.8152343857958,43.4248527037787,26.3006907634904,"Friday"
15.5920674278734,27.2356833161686,33.7412214294923,"Friday"
18.0411329026768,17.2858190392683,31.5682141088429,"Friday"
24.3145956172856,45.3333783301429,29.3409326052414,"Friday"
25.1175270693108,12.7168394009622,25.0688543086992,"Friday"
21.4614395503812,33.7722108642614,40.7361502822283,"Friday"
28.7650479373606,13.6351867665382,29.6119516214932,"Friday"
20.5368111770304,25.2323942581873,37.5709112318082,"Friday"
53.44129586367,17.4617094187664,36.0416340848047,"Friday"
11.5194158445765,13.9777781297004,29.1826370298669,"Friday"
14.5863420584055,10.3078608410723,32.5563099096847,"Friday"
18.8642315928847,28.0435392892681,31.5819748806644,"Friday"
31.6340486554105,29.6413969407008,32.5396856338343,"Friday"
46.0297634206844,32.6826263002257,30.5703712093607,"Friday"
17.7434274981817,29.4655341392875,27.6804009390652,"Friday"
22.4546430402377,22.188506258467,36.6910135134962,"Friday"
42.3299651330383,21.7813538809733,30.3252769720638,"Friday"
41.843777888728,30.2786101071288,35.1183142248682,"Friday"
33.5870929690024,10.618382250441,34.5304606428725,"Friday"
19.9977448774034,30.4351930047632,31.6849811370834,"Friday"
24.9379122526619,53.1087798541853,29.5337251612741,"Friday"
28.7838748086481,10.0968991125905,30.7886437868898,"Friday"
13.2330770429388,34.4431677198533,28.4082098697931,"Friday"
41.2091525593474,40.7792919803923,33.8825349770347,"Friday"
31.3162460555589,44.3464465253604,21.5812092452039,"Friday"
37.5757578957099,22.7418927161001,34.2685023078847,"Friday"
49.9464008639455,47.5935124845712,23.6164256579761,"Friday"
35.2013873679324,18.7097206149625,29.002028141058,"Friday"
18.3047444188167,21.3377647855043,31.7078123788251,"Friday"
43.6697647672642,14.7048049761027,36.2991177594565,"Friday"
30.6633690141837,48.4282433579184,37.0933153835297,"Friday"
41.422888917246,38.6135645277748,31.5444417926735,"Friday"
25.4556117249883,47.2489316388538,29.5915058495916,"Friday"
35.1125979073705,39.1551149304797,33.1451852923687,"Friday"
29.9576469872647,32.4773235549537,32.8387144185262,"Friday"
21.1828571823705,30.7275879290065,28.4243021888267,"Friday"
37.6904401975093,39.4273883802613,30.9055337325075,"Friday"
41.5494871160331,34.4591953046384,24.5897340187859,"Friday"
24.5710853761751,26.7315467876747,27.6028673298012,"Friday"
26.7310813482308,26.0966724725161,29.512689014918,"Friday"
20.7823430389155,14.3380950516645,31.821065954745,"Friday"
60.0834774145427,23.0114551706498,38.3685144433329,"Friday"
35.3113143752535,41.0909114221823,30.6942050105222,"Friday"
37.2534316024901,35.3600730665348,36.3941428713683,"Friday"
54.2268995151681,18.9581815304282,25.7824432424536,"Friday"
20.5657366826224,13.2982546697261,33.3756300376603,"Friday"
57.3907200892897,38.6046855860108,32.1286699737367,"Friday"
27.2921792137452,38.7783291167023,31.1354369493559,"Friday"
46.6940848903558,19.6610296195151,31.624569451566,"Friday"
28.3374451746695,33.3790574930026,31.5092161634685,"Friday"
15.0734514902765,41.5827864124396,34.1340631938242,"Friday"
41.5257708336624,18.5417912840936,30.3907129455928,"Friday"
64.4120923117818,39.9376495151567,42.7582967734163,"Friday"
32.9348338010901,26.1762629132669,35.6080004571382,"Friday"
0,40.9509623228905,34.4700558067191,"Friday"
16.9215066289253,43.9362905779005,35.2464777586685,"Friday"
15.8746699968022,40.316643361653,30.3580449691415,"Friday"
41.1136128665895,50.5328564981679,26.6229494031662,"Friday"
26.1716587398876,10.0401048839724,35.3586080148383,"Friday"
35.8791657379327,27.072497723929,31.7108100780045,"Friday"
40.9704348703494,34.6974116610258,36.771787873428,"Friday"
28.8743083428757,18.7304872857237,34.5652958187865,"Friday"
12.8538217317557,30.1044819070293,30.673611764449,"Friday"
22.3625654492686,28.5913504081263,34.1105077416131,"Friday"
28.5165001065419,19.1327037471343,29.318344848291,"Friday"
20.6600723275607,36.5268375701371,31.0592198285997,"Friday"
16.3759041580509,31.6422895550489,25.2857923345093,"Friday"
56.4904536418765,27.7432154549204,29.755876636392,"Friday"
27.0218011554475,24.826936750922,31.8508334629143,"Friday"
31.0381036465086,16.7439755085455,27.5325303947011,"Friday"
35.5252195738433,19.2118479508943,32.7644677941535,"Friday"
43.7465933893164,18.9681376568699,28.4120635019927,"Friday"
42.829517463826,0,33.4245673702484,"Friday"
41.3345512437903,19.3676654877657,29.104347507253,"Friday"
0,29.6990928574624,36.9305148751437,"Friday"
43.0818221186013,48.7395817145171,28.6481927162726,"Friday"
6.45257557650062,27.3931559501059,35.4046165912642,"Friday"
34.8941059463565,32.1033526382197,36.9991445698307,"Friday"
15.5128436971867,25.5798271057206,31.6326692434062,"Friday"
11.4497404293801,26.690571207725,34.0394900080985,"Friday"
0,10.3482036778704,36.9123594176509,"Friday"
20.199333752973,30.1297929268258,31.415111099435,"Friday"
30.727616208372,0,34.3241143497344,"Friday"
31.5247821124383,27.4883836640667,37.1205752077366,"Friday"
23.644209420303,38.2985914805324,28.076047852825,"Friday"
9.74277559471212,40.7433573952554,22.7971056828142,"Friday"
21.2720817871976,45.3222251235152,35.4525740395211,"Friday"
56.090391577524,43.9749482042901,34.9056675165022,"Friday"
33.8090837082011,37.6679750354039,31.2672229042663,"Friday"
31.0363013737174,25.9910132547289,32.8989580899913,"Friday"
49.4424462670101,37.3646252150845,33.7190003445384,"Friday"
29.2819968232724,42.1023723039581,30.9007663662782,"Friday"
46.1529956156501,53.4327502147454,36.554231680897,"Friday"
32.5206514507464,23.0509858356699,34.5060262449607,"Friday"
43.9556813208288,47.6704038561852,31.2319387340751,"Friday"
19.2365383628876,21.0535127236502,28.8320142394431,"Friday"
48.4119194842622,39.6647775034984,34.8741116336481,"Friday"
18.0996420877637,23.8639070518583,30.2909536271594,"Friday"
15.5656884203434,33.5264461186572,24.8131041261806,"Friday"
29.4195331961736,20.1854030877846,35.2175059492494,"Friday"
23.9276411540769,39.2181356475407,26.9289519144409,"Friday"
30.2704001835636,19.1531202675379,34.431818114074,"Friday"
24.0088159105306,20.9743758360973,29.7858449559316,"Friday"
37.6693475268728,29.1048267944888,24.6118065927717,"Friday"
32.3380024706337,26.2077799626976,32.2345921904517,"Friday"
33.8697719024543,27.7836910037405,33.6539990425899,"Friday"
25.5349162033539,31.3467988087554,24.7014625840027,"Friday"
25.8459302761797,23.4895346780025,32.5826792103223,"Friday"
29.4373424690238,46.0400588038969,32.3581120764569,"Friday"
21.3400500062119,21.1010163088919,28.5978775195344,"Friday"
45.3090997431099,35.1991760625634,33.8140270209175,"Friday"
33.6269293530018,18.0639942957784,39.9276591440966,"Friday"
38.3807066532605,44.5429875275225,34.8526159790108,"Friday"
14.5787476466226,30.0435389528614,27.0553290655779,"Friday"
44.9375542811943,0,23.0613601799604,"Friday"
40.5348311343557,28.9857504772049,31.1072677502997,"Friday"
43.4234809613062,20.2235996504467,30.2180819562778,"Friday"
19.7145005048979,26.4405844957713,33.4764700030436,"Friday"
27.2702124437724,32.0076625204642,25.6806173417841,"Friday"
39.5092443735744,22.0468139593646,26.1963234193868,"Friday"
26.5447877275559,17.6277717345317,25.4387142129852,"Friday"
40.3372342188757,30.5469034327287,27.7269057253762,"Friday"
22.0264009042552,38.2912073666863,35.799117080268,"Friday"
28.5489261934306,30.6724774243633,29.5549008591514,"Friday"
28.7385736315954,49.4866235862413,32.6446040437159,"Friday"
0,0,28.3993498729996,"Friday"
41.768640895841,39.3416845974614,33.1632554826669,"Friday"
31.787857775192,0,32.541583385565,"Friday"
40.3149622646652,32.1149487849137,29.2228160241294,"Friday"
28.5994534143259,14.5562182501667,29.5544531270614,"Friday"
9.41401255156299,30.2135844434058,36.5472845286554,"Friday"
20.1009661506449,19.6136135429225,32.4733797953785,"Friday"
40.5948974318952,49.2715263670286,32.933292037364,"Friday"
22.9843239826054,38.8912228315016,31.6647370449629,"Friday"
44.1681560134833,50.8353727996551,34.644654550874,"Friday"
