Y,X,Z1,Z2,Z3,Z4,Z5,Z6,Z7,Z8,Z9,Z10,Z11,Z12,Z13,Z14,Z15,Z16,Z17,Z18,Z19,Z20
7.494,1,0,0,0,0,0,0,1,0,0,0,0.813,0.87,0.857,5.995,1.376,3.782,1.498,1.69,2.015,5.445
10.735,1,0,0,0,0,0,0,1,1,0,0,0.924,0.348,1.664,12.97,0.981,6.876,2.445,1.031,2.342,7.517
6.657,1,0,0,0,0,0,1,0,1,0,0,0.353,0.372,0.074,14.582,0.647,0.83,1.368,0.526,2.738,9.343
16.381,0,0,0,1,0,0,0,0,0,1,1,0.478,0.319,0.054,3.475,0.242,5.728,0.153,1.307,3.255,7.647
11.318,0,0,1,0,1,0,1,0,0,1,0,0.545,0.684,3.238,2.535,1.118,3.737,2.174,0.919,3.067,5.24
6.718,0,0,0,0,0,1,0,1,0,1,1,0.878,0.632,0.051,3.102,0.298,3.628,0.362,1.4,3.985,6.259
11.95,1,0,0,0,0,0,0,0,1,1,0,0.042,0.398,0.519,6.799,1.067,9.357,1.065,1.286,3.422,3.216
12.953,0,0,0,0,0,1,0,1,1,1,1,0.995,0.717,0.614,7.039,0.702,4.852,3.215,0.301,3.862,5.822
12.303,1,0,0,0,0,0,0,0,1,0,0,0.771,0.305,1.044,-0.133,0.569,3.185,1.124,0.94,4.333,8.202
8.778,0,1,0,1,0,0,0,0,0,0,1,0.633,0.22,0.756,3.588,0.562,4.515,0.705,1.626,2.164,4.395
16.047,0,0,0,1,1,0,1,1,0,1,1,0.188,0.433,0.693,5.144,0.276,4.403,0.903,1.039,4.656,2.918
11.559,1,0,0,0,0,1,0,1,0,1,0,0.708,0.145,0.776,5.164,0.325,3.995,0.818,4.296,3.213,5.475
7.515,1,0,0,0,1,0,0,1,0,0,0,0.628,0.677,2.484,5.109,0.59,2.68,2.133,0.566,2.593,7.185
1.141,1,0,0,0,0,0,0,1,1,1,0,0.684,0.938,0.852,6.9,0.9,4.388,1.729,0.715,3.272,4.019
14.5,0,0,0,0,0,0,1,1,1,0,1,0.044,0.536,0.482,-4.327,0.862,3.119,0.77,0.541,3.217,4.021
9.82,0,0,0,0,1,0,0,0,1,0,1,0.46,0.614,0.479,3.004,0.699,2.293,1.983,1.99,3.846,5.925
9.935,0,0,0,0,1,0,1,1,1,0,1,0.049,0.584,1.739,11.165,0.402,1.904,0.874,1.592,3.952,5.249
13.775,0,0,0,0,1,0,1,0,0,0,1,0.082,0.421,0.809,0.568,0.58,5.034,0.984,1.81,3.467,-1.315
13.285,1,0,0,0,1,0,1,0,0,0,1,0.283,0.55,0.163,2.47,0.86,6.011,0.024,0.492,4.021,4.588
12.376,0,0,0,1,0,1,1,0,0,1,1,0.544,0.54,0.83,-3.692,0.165,2.654,1.764,0.926,2.829,8.23
13.676,0,0,0,0,0,0,0,1,0,1,0,0.803,0.879,1.734,-5.848,0.851,1.544,0.877,1.213,4.401,4.016
13.129,1,0,0,0,0,0,0,0,0,1,1,0.424,0.518,0.173,-4.425,0.99,4.42,3.71,0.886,2.312,3.711
10.298,0,0,0,0,0,1,0,0,0,0,0,0.391,0.373,1.005,9.744,0.713,3.928,1.275,0.337,4.809,3.76
2.043,0,0,0,0,0,0,0,1,1,0,1,0.588,0.673,0.725,0.934,0.374,6.021,3.546,0.67,2.636,12.031
12.479,0,0,0,0,0,0,0,0,0,0,0,0.346,0.569,0.518,4.388,0.743,3.157,0.126,1.395,2.152,4.967
9.775,1,0,0,1,0,1,0,0,1,1,1,0.593,0.782,0.129,0.62,0.107,4.318,0.408,1.422,4.056,6.742
9.377,0,0,0,0,1,0,0,0,0,0,0,0.131,0.791,2.349,0.927,0.821,2.74,0.843,1.042,2.547,5.545
4.117,0,0,0,0,0,0,0,0,1,0,1,0.716,0.3,4.97,9.704,2.016,2.062,0.757,1.327,4.785,3.112
8.087,1,0,0,0,0,1,0,0,1,0,1,0.721,0.414,0.591,0.185,1.195,-0.197,1.073,0.78,4.954,2.434
11.672,0,0,0,0,1,1,1,1,0,1,1,0.061,0.379,1.242,1.417,0.55,2.569,1.637,3.453,2.543,6.629
15.435,0,0,1,0,0,0,0,1,0,1,1,0.622,0.684,0.73,2.094,1.011,2.281,1.227,0.542,4.456,8.107
9.589,0,0,1,0,0,0,0,1,1,0,1,0.258,0.551,1.826,8.484,1.222,1.755,1.5,0.696,3.559,7.295
11.551,0,0,0,0,0,1,0,0,0,0,0,0.551,0.505,0.615,4.174,1.157,3.848,1.81,1.228,3.596,3.171
9.785,1,0,0,0,0,0,1,0,1,0,0,0.615,0.836,0.299,-4.603,1.465,7.213,0.41,3.607,3.624,1.365
4.492,0,0,0,0,0,0,1,0,0,0,1,0.301,0.355,0.095,3.407,0.709,4.322,0.301,1.565,3.103,1.844
8.34,0,0,0,0,0,1,0,1,0,0,0,0.284,0.66,7.633,-0.466,0.889,7.181,1.078,1.488,4.927,5.694
8.423,0,0,0,0,0,0,0,0,0,0,1,0.755,0.451,1.328,1.689,0.884,2.302,0.386,2.717,2.883,0.225
9.763,1,0,0,1,1,0,1,1,0,0,0,0.832,0.466,2.766,3.448,1.146,4.302,2.683,1.134,2.224,7.428
14.4,1,1,1,0,0,0,0,0,0,1,1,0.129,0.753,1.169,4.231,0.317,5.485,0.182,2.563,4.473,3.729
13.053,0,0,0,0,0,0,0,0,1,0,1,0.867,0.691,1.69,4.238,0.227,4.91,0.941,2.382,4.891,7.385
9.342,0,0,0,0,0,0,0,0,1,0,1,0.071,0.78,1.919,0.2,0.722,3.586,2.95,3.148,2.533,5.834
8.987,0,0,0,0,0,0,0,1,0,1,0,0.869,0.743,2.213,5.816,0.342,3.957,0.954,0.528,3.192,6.765
12.788,1,0,0,0,1,0,0,0,1,0,1,0.072,0.917,0.062,0.603,0.698,5.497,1.333,0.53,2.894,1.455
12.227,0,0,0,0,0,1,0,0,1,0,0,0.156,0.39,0.347,3.029,0.84,4.163,0.087,1.191,4.707,5.439
7.245,1,1,0,0,1,0,0,0,1,1,0,0.172,0.651,0.014,9.754,1.086,1.881,3.152,0.64,3.777,3.73
7.17,0,0,1,0,0,0,1,0,1,0,0,0.272,0.906,0.275,2.537,0.483,2.118,6.145,0.513,2.276,5.434
11.458,1,0,0,0,0,0,0,0,1,0,1,0.955,0.188,0.157,8.421,1.248,2.289,0.134,1.525,3.039,8.324
13.074,0,0,0,1,0,0,0,0,0,0,1,0.769,0.778,2.37,2.298,0.633,1.334,2.414,0.702,3.292,7.19
9.551,1,0,1,0,0,0,0,1,0,0,0,0.398,0.251,0.335,8.291,0.366,3.935,1.132,0.9,4.552,4.158
13.524,1,0,0,0,0,0,0,0,1,1,0,0.772,0.262,0.259,7.951,0.24,5.154,2.026,0.749,3.826,4.638
11.592,0,0,0,0,0,0,0,0,0,1,0,0.553,0.664,0.948,4.224,0.223,3.308,0.374,0.672,3.984,5.728
7.552,1,0,0,0,0,1,0,0,0,0,0,0.573,0.497,1.889,0.095,1.023,1.055,0.353,1.192,4.879,6.09
11.364,0,0,0,0,0,1,0,1,0,1,1,0.588,0.85,1.855,4.977,0.322,6.344,1.792,1.05,3.914,8.348
5.483,0,0,0,0,0,0,1,0,1,0,0,0.774,0.46,0.154,5.048,0.093,0.977,0.729,1.081,2.358,8.21
15.732,1,0,0,1,0,1,1,0,0,1,1,0.921,0.205,0.241,0.399,0.661,5.784,0.439,0.908,3.287,8.855
17.922,1,0,0,0,1,0,0,0,0,0,1,0.666,0.368,4.783,2.616,0.794,2.811,0.368,0.644,4.954,6.745
8.531,0,0,0,0,0,0,0,0,0,1,0,0.398,0.733,0.225,0.683,1.112,6.993,0.711,0.47,3.85,6.967
5.823,0,0,0,0,1,0,0,0,0,0,0,0.966,0.84,0.324,-0.138,1.589,8.611,4.239,1.101,3.16,5.372
12.279,1,1,0,0,0,0,0,0,1,0,0,0.323,0.538,1.456,3.916,1.325,2.864,0.555,0.937,3.519,8.003
9.46,0,0,0,0,0,0,0,0,0,0,1,0.903,0.799,2.301,3.497,0.714,3.712,0.128,0.857,2.304,6.149
19.606,0,0,0,0,1,0,0,0,0,0,0,0.607,0.863,0.777,0.946,0.569,-0.34,5.019,0.77,3.734,3.855
9.843,1,0,0,1,0,0,0,0,0,0,1,0.927,0.742,0.634,2.111,1.752,3.532,3.365,1.107,3.553,6.82
12.759,0,0,0,0,0,1,0,0,0,0,0,0.002,0.978,0.75,6.119,1.086,1.419,5.995,1.025,2.564,6.887
10.112,1,0,0,0,0,0,0,1,1,0,0,0.032,0.386,1.646,4.185,1.15,7.364,0.571,1.404,2.322,4.29
7.027,0,0,0,0,0,1,1,0,0,0,1,0.658,0.5,0.137,10.434,0.763,2.707,1.836,0.573,4.189,1.33
10.755,1,0,0,0,0,0,0,0,0,0,0,0.907,0.283,1.011,0.664,0.891,5.107,1.576,1.438,4.855,3.861
2.78,0,0,0,0,0,1,1,0,0,1,0,0.696,0.936,0.195,8.199,0.927,4.453,0.406,1.019,3.197,7.114
15.862,1,0,0,0,0,0,0,0,0,0,1,0.504,0.602,0.07,-0.515,0.589,3.5,1.401,2.522,4.531,6.676
10.613,1,0,1,0,0,0,0,0,0,0,0,0.591,0.496,0.828,5.613,1.438,4.484,2.266,3.153,3.602,4.78
18.69,1,1,0,0,0,0,0,1,0,0,1,0.145,0.611,0.355,4.097,0.443,5.923,2.237,1.785,3.411,4.061
11.902,1,0,0,0,0,0,1,0,0,0,0,0.01,0.722,2.406,3.582,1.144,6.909,0.5,0.529,4.289,4.066
7.16,1,0,1,0,0,1,1,1,0,0,0,0.173,0.26,0.274,-1.777,0.475,2.036,1.907,0.759,4.853,9.401
12.443,0,0,1,0,0,1,0,0,1,0,1,0.424,0.323,0.542,-0.951,1.368,3.835,0.463,1.145,3.872,2.404
6.264,1,0,0,1,0,0,1,1,0,1,0,0.76,0.528,4.259,3.456,0.543,3.757,3.432,1.107,2.699,6.668
4.985,1,1,0,0,0,1,0,1,0,0,0,0.996,0.824,2.848,14.649,1.338,4.566,1.466,0.977,4.293,5.18
11.166,0,0,0,0,1,0,0,0,1,1,0,0.085,0.64,0.133,3.138,0.542,3.76,2.871,0.532,4.778,5.204
8.227,1,0,0,0,1,0,0,1,0,1,1,0.685,0.551,0.279,13.209,1.884,5.503,1.637,0.637,3.066,2.962
10.004,0,0,0,1,0,0,0,0,0,0,0,0.09,0.761,0.314,-1.868,1.007,4.47,0.395,1.08,3.795,5.892
10.297,0,0,0,0,1,1,0,0,0,1,0,0.884,0.918,0.226,-0.785,0.842,6.315,0.598,0.995,2.977,2.436
7.642,0,0,0,1,0,0,0,0,0,0,1,0.048,0.423,0.386,3.366,0.907,2.154,2.38,1.86,4.774,2.947
7.725,1,0,0,0,0,1,1,0,0,0,1,0.054,0.572,0.166,5.805,0.952,3.474,2.028,0.504,4.768,0.85
9.459,1,0,0,0,0,0,0,1,1,0,0,0.298,0.691,0.29,5.694,1.365,4.479,1.381,0.681,3.662,3.719
14.712,1,0,0,1,0,1,0,0,1,1,1,0.5,0.625,0.179,8.062,0.569,6.441,0.995,1.392,4.156,6.335
3.906,0,0,0,0,0,1,0,0,1,0,0,0.643,0.516,1.073,-2.78,1.466,5.367,1.12,0.478,3.246,5.728
12.376,0,0,0,0,1,0,1,0,0,0,0,0.419,0.769,1.059,8.662,0.483,5.974,0.095,2.076,2.48,6.729
11.332,1,0,1,0,1,0,0,1,1,0,1,0.881,0.923,0.444,-3.34,0.511,2.556,2.352,0.767,3.576,4.41
14.252,0,0,0,0,0,0,0,1,1,0,0,0.093,0.608,0.064,3.983,0.473,6.08,4.55,1.037,4.958,4.047
8.783,1,0,0,0,0,0,0,0,1,0,1,0.359,0.787,0.276,4.801,0.147,3.23,0.709,0.795,3.31,2.996
11.48,1,0,0,0,0,0,0,0,0,0,0,0.469,0.29,0.208,6.791,1.794,3.884,1.332,1.455,3.476,3.011
11.068,0,0,0,0,0,1,0,0,0,1,1,0.443,0.441,2.115,1.982,1.166,2.066,0.434,1.286,2.732,4.953
7.83,1,0,1,0,0,0,1,1,0,0,1,0.194,0.378,0.626,3.341,0.88,2.205,1.89,2.057,4.4,6.678
14.831,1,0,0,0,0,1,1,1,0,0,0,0.648,0.716,0.485,7.82,1.072,6.412,0.797,0.467,4.036,6.271
14.642,1,0,0,0,0,0,0,0,0,0,1,0.307,0.651,0.108,3.683,0.281,2.963,4.896,1.079,3.208,8.938
12.801,0,0,0,0,0,0,0,1,0,0,0,0.308,0.823,0.505,12.104,0.688,1.714,0.089,0.993,3.622,3.357
16.347,1,0,1,1,0,0,0,0,0,1,0,0.049,0.65,0.715,8.314,1.256,2.426,3.138,0.474,2.265,2.831
12.234,0,0,1,0,0,0,0,1,0,0,0,0.052,0.548,1.406,4.237,1.349,4.803,0.595,0.788,2.35,6.62
4.894,1,0,0,0,1,0,1,1,0,0,0,0.162,0.663,0.778,0.428,1.419,4.222,0.5,0.922,2.454,2.731
7.707,1,0,0,0,0,0,0,0,0,1,0,0.141,0.852,0.748,0.051,1.521,3.533,3.437,0.497,3.55,4.487
5.102,1,0,0,0,0,1,0,0,0,1,1,0.191,0.745,0.691,8.511,0.428,5.469,0.562,0.948,3.353,4.605
8.106,1,0,0,0,0,0,1,0,1,1,0,0.512,0.201,0.389,5.028,1.536,5.061,0.091,1.328,2.715,5.782
7.519,0,0,1,0,0,0,0,0,0,0,0,0.957,0.427,0.206,3.841,1.116,6.736,1.931,1.268,2.788,4.444
10.168,1,0,1,0,0,0,0,0,1,0,0,0.061,0.548,1.9,8.514,0.269,4.89,0.547,0.998,3.132,4.14
6.356,1,0,0,0,1,0,0,1,0,0,1,0.242,0.368,2.914,3.226,0.543,4.25,1.192,2.222,2.475,2.919
10.632,1,0,0,0,0,0,1,0,0,1,1,0.304,0.533,2.896,0.01,0.699,2.428,2.362,0.711,2.469,5.65
7.382,0,0,0,0,0,0,0,0,0,0,1,0.237,0.733,0.788,1.516,1.527,8.127,0.572,0.762,3.795,4.951
17.069,1,0,1,0,0,0,0,1,0,0,1,0.071,0.458,1.234,3.794,1.087,4.435,0.609,0.843,2.328,8.56
12.867,1,0,0,0,0,0,0,1,0,1,1,0.76,0.456,2.256,0.433,1.01,3.776,0.723,1.276,2.308,0.66
13.641,0,0,0,0,0,0,0,1,1,1,1,0.115,0.806,0.658,3.818,0.578,2.275,4.059,0.873,4.8,1.738
11.537,1,0,0,0,0,0,0,1,0,0,1,0.777,0.495,2.604,8.139,0.264,3.692,0.475,0.977,4.317,4.091
16.729,1,1,0,0,0,0,0,1,1,0,0,0.06,0.934,0.641,-3.195,1.544,4.432,0.558,1.641,2.699,4.067
7.457,0,0,0,0,0,0,0,1,1,1,0,0.195,0.902,3.068,0.39,0.407,4.538,4.116,1.842,2.793,7.877
8.153,0,0,0,0,1,0,1,0,1,0,1,0.597,0.608,0.024,1.679,1.048,2.017,1.167,1.146,4.674,10.95
15.729,1,1,0,0,0,0,1,0,0,1,1,0.676,0.749,0.66,4.255,0.422,1.153,0.858,0.609,2.402,5.165
7.397,1,0,0,0,0,0,0,1,0,1,1,0.506,0.909,0.326,1.365,0.917,3.269,3.068,0.59,3.529,7.082
9.17,0,0,0,0,0,1,1,0,0,0,1,0.023,0.697,0.224,6.733,1.344,5.069,1.162,0.506,2.666,2.973
8.429,0,0,0,0,0,0,0,1,1,1,1,0.91,0.604,2.479,7.092,0.646,4.941,2.532,1.123,2.017,6.212
8.72,1,0,0,0,0,0,0,0,0,0,1,0.645,0.638,0.983,0.986,0.842,5.039,0.612,1.277,4.214,5.709
8.884,1,0,0,0,0,1,0,0,0,0,1,0.157,0.144,0.476,4.287,0.674,7.436,1.925,1.175,4.283,5.094
11.977,0,0,0,0,0,0,0,1,0,1,1,0.352,0.424,0.246,4.609,0.505,6.639,2.547,1.004,2.669,7.964
9.291,1,0,0,0,0,0,1,0,1,0,1,0.44,0.893,0.686,-0.224,0.119,4.876,0.77,0.614,4.831,0.109
7.976,0,0,1,0,0,0,0,0,0,0,1,0.141,0.848,0.387,1.757,1.017,2.561,3.804,1.561,4.54,4.464
15.372,0,0,0,0,0,0,0,1,1,1,0,0.213,0.717,4.159,6.625,0.75,3.102,1.772,1.109,3.509,3.641
9.142,1,0,0,0,0,0,1,0,1,1,0,0.599,0.716,0.632,8.034,1.572,6.204,1.323,2.069,4.431,4.813
9.282,0,0,0,0,1,0,0,0,0,0,0,0.663,0.518,2.09,7.193,1.416,-0.174,1.047,1.166,2.955,5.986
9.599,1,0,0,0,1,0,0,0,0,0,1,0.314,0.799,0.554,-0.31,0.725,4.855,2.276,1.906,3.192,7.542
12.851,1,0,0,0,0,1,0,0,1,0,0,0.465,0.568,0.79,-4.143,1.153,0.921,1.672,0.284,4.89,3.271
9.706,1,0,0,0,0,0,0,0,0,1,0,0.694,0.773,0.416,5.014,0.865,2.526,2.346,0.402,3.086,1.854
9.849,1,1,0,0,1,0,0,1,0,0,0,0.408,0.284,0.803,1.346,0.359,3.917,0.305,1.828,3.243,4.004
7.273,1,0,0,0,0,0,0,0,1,0,0,0.151,0.599,1.559,1.133,1.361,2.482,1.111,1.707,4.243,5.713
8.703,1,0,0,0,0,0,0,1,0,1,0,0.858,0.46,0.311,4.138,0.374,3.363,0.435,1.479,4.436,6.098
10.241,0,0,0,0,1,0,1,0,1,0,0,0.695,0.584,0.18,4.074,1.334,2.135,0.222,1.127,3.821,5.124
7.644,1,0,0,0,0,0,0,1,1,1,1,0.724,0.773,0.178,-3.125,0.211,6.09,0.477,0.678,4.425,5.094
12.126,0,1,0,0,0,1,1,0,1,0,1,0.839,0.674,1.929,-3.834,1.333,4.294,1.383,0.948,2.968,5.01
3.926,1,0,0,0,0,0,0,0,0,0,1,0.411,0.349,1.182,4.43,0.602,3.854,0.459,0.78,3.159,6.657
11.226,1,0,0,1,1,0,1,0,1,0,0,0.515,0.644,1.414,8.298,0.399,5.293,2.318,0.946,2.446,5.246
3.854,0,0,0,0,0,1,0,0,0,1,1,0.971,0.523,0.978,0.659,0.888,2.361,0.948,1.671,2.744,1.349
8.796,0,0,0,0,1,0,0,0,0,1,0,0.349,0.526,0.777,-2.921,0.844,2.887,0.488,1.283,2.391,2.376
7.887,1,0,1,0,0,1,0,1,0,0,1,0.417,0.592,0.097,6.452,1.04,2.788,1.273,1.054,4.827,3.572
7.392,0,0,0,0,1,0,0,0,0,0,0,0.762,0.778,3.223,1.515,1.073,2.877,0.949,1.624,3.244,3.15
9.772,0,0,0,0,1,0,0,1,1,1,0,0.58,0.713,0.533,1.172,0.635,4.714,0.701,1.734,3.951,5.521
2.343,1,0,0,0,1,0,0,0,1,0,1,0.531,0.723,0.779,-2.456,0.847,2.297,1.658,0.718,3.504,2.81
14.706,0,0,0,1,0,1,1,0,0,1,1,0.875,0.293,7.771,3.293,1.19,4.585,0.86,1.028,2.731,4.762
3.34,0,0,0,0,0,0,1,1,1,0,1,0.201,0.569,1.18,0.34,0.735,6.192,5.145,1.745,2.136,4.908
8.146,0,0,1,0,0,1,0,0,0,1,1,0.921,0.458,1.218,4.454,0.733,4.995,0.396,1.374,3.521,-0.284
5.536,0,0,0,0,1,1,0,0,1,1,1,0.493,0.542,1.309,1.145,0.43,3.111,3.682,0.633,4.179,6.185
6.997,1,0,0,0,0,1,0,1,0,0,0,0.111,0.739,2.936,3.615,0.513,3.675,1.049,0.408,2.577,3.833
18.349,1,0,0,0,0,0,0,1,1,1,0,0.611,0.694,1.096,6.247,0.634,3.073,0.572,1.546,2.638,1.426
10.07,0,0,0,0,0,0,0,1,1,0,0,0.32,0.773,1.275,3.299,0.504,4.187,4.704,2.614,2.088,7.129
4.855,1,0,0,0,0,0,1,0,1,0,0,0.726,0.587,0.394,0.16,0.608,2.851,1.248,0.679,2.944,-1.018
3.438,0,0,0,0,0,0,0,1,1,1,0,0.122,0.33,2,1.254,0.488,3.561,0.223,0.493,2.982,4.129
11.801,0,0,1,0,0,0,0,0,1,0,0,0.504,0.677,1.744,-3.576,0.453,5.962,0.574,1.958,3.557,1.299
9.926,0,0,0,0,0,0,1,1,1,0,0,0.504,0.633,1.102,5.027,0.859,4.254,0.682,1.817,4.056,5.528
8.728,0,0,0,0,0,0,0,0,0,0,0,0.836,0.717,0.551,1.73,0.713,4.352,1.173,1.202,4.469,1.385
6.283,0,0,0,1,0,0,1,0,1,0,1,0.951,0.578,0.177,4.55,1.482,7.72,2.277,2.256,4.696,5.691
4.05,1,0,0,0,1,1,0,1,0,1,0,0.463,0.828,1.83,1.952,1.248,5.151,0.867,0.989,4.285,0.952
5.699,0,0,0,1,0,0,0,1,1,0,1,0.934,0.412,0.244,8.393,1.471,4.095,1.503,0.773,4.048,8.647
14,1,0,0,0,1,0,0,0,0,1,1,0.236,0.609,2.011,2.112,1.389,2.982,0.544,2.308,2.396,0.253
7.515,0,0,0,1,0,0,0,0,0,0,0,0.689,0.968,0.784,6.082,1.082,2.116,0.963,1.046,4.005,4.975
4.462,0,0,1,0,0,0,0,1,1,0,1,0.604,0.733,0.336,1.377,1.377,3.482,2.634,1.069,4.001,2.655
17.477,0,0,0,1,0,0,1,0,0,0,0,0.811,0.835,0.123,10.129,0.801,4.956,0.572,0.905,4.11,4.181
11.7,1,0,0,1,0,1,0,0,0,0,1,0.253,0.511,3.528,9.173,1.462,4.577,0.961,0.401,2.966,7.565
9.045,1,0,0,0,0,0,1,0,0,0,1,0.305,0.207,0.006,-3.92,0.86,1.272,0.942,1.406,2.646,3.334
14.234,0,0,0,0,0,0,0,0,1,1,0,0.423,0.614,0.29,10.265,1.085,2.447,0.398,1.387,3.225,3.515
13.546,0,0,0,0,0,1,0,0,1,1,0,0.702,0.713,0.279,3.827,1.089,2.366,1.258,1.034,3.44,6.607
7.523,1,0,0,0,0,0,1,1,1,1,0,0.287,0.633,1.033,0.599,1.098,2.327,1.195,1.146,3.332,6.881
18.824,1,0,0,0,0,1,1,1,0,1,0,0.955,0.286,0.065,3.442,0.651,5.266,0.689,0.679,3.8,6.025
8.98,0,0,0,0,0,0,0,0,0,1,0,0.366,0.725,0.28,4.8,0.982,3.849,4.173,0.927,3.363,3.345
4.302,1,0,0,0,1,0,0,0,1,0,1,0.407,0.704,0.051,-1.959,0.544,2.269,1.379,1.873,3.097,8.013
9.422,0,0,0,0,0,0,0,0,0,1,1,0.981,0.639,1.272,0.231,0.619,7.682,0.115,1.387,2.639,7.573
10.83,0,0,0,0,0,1,0,0,1,0,0,0.369,0.223,0.022,3.075,1.145,5.433,1.498,0.868,2.243,3.94
19.232,0,0,0,0,1,1,0,0,1,1,0,0.732,0.524,0.01,2.837,0.955,2.196,2.764,1.922,2.781,4.375
10.423,0,0,0,1,0,1,1,1,1,0,1,0.016,0.161,1.044,-0.491,0.829,6.148,0.268,0.683,3.151,3.845
11.828,1,0,0,1,0,0,0,0,0,0,1,0.889,0.814,0.645,0.301,0.331,4.239,2.717,0.943,3.905,7.38
9.691,1,0,0,0,0,0,1,0,1,0,0,0.495,0.725,0.07,-1.535,1.558,1.969,2.698,1.156,4.373,7.298
8.664,1,0,0,0,1,0,0,1,0,1,0,0.924,0.467,5.455,1.405,0.671,6.594,4.078,0.664,2.023,5.817
9.861,0,0,0,0,0,0,0,1,0,1,1,0.92,0.623,0.146,4.211,0.105,4.364,0.862,0.406,2.945,6.762
13.151,1,0,0,0,1,0,1,1,0,1,0,0.594,0.541,1.83,3.842,0.464,2.144,0.306,0.617,2.5,4.392
18.301,0,0,0,0,0,0,0,0,0,0,0,0.092,0.745,0.101,7.616,0.951,4.746,1.275,0.941,4.301,3.874
14.11,0,0,0,0,0,0,0,0,0,0,1,0.278,0.66,1.336,8.254,1.073,1.96,0.425,1.091,4.874,1.92
14.832,1,0,0,1,0,1,0,0,0,1,0,0.608,0.517,1.394,-3.274,0.431,1.379,1.197,0.649,2.952,6.617
5.075,1,0,0,0,0,1,1,0,1,0,0,0.208,0.541,1.464,3.347,1.464,3.272,3.695,1.128,2.168,2.537
13.936,1,0,0,1,0,0,1,1,1,1,1,0.493,0.574,1.873,2.849,0.539,1.699,0.095,3.455,4.844,5.446
10.88,1,0,0,0,0,0,0,1,0,0,1,0.224,0.29,1.472,5.095,0.965,-2.038,3.523,0.852,4.84,6.883
4.131,0,0,0,0,0,0,0,0,0,0,0,0.678,0.707,2.095,11.87,0.516,3.346,1.138,2.147,3.154,6.936
12.084,0,0,0,1,1,1,0,0,0,0,0,0.023,0.796,0.082,2.406,0.871,2.402,1.003,1.438,2.883,5.923
9.365,1,0,0,0,0,1,1,0,0,0,0,0.866,0.301,1.153,4.313,1.366,4.703,2.919,0.729,2.604,5.505
15.858,0,0,0,0,0,0,0,0,1,1,0,0.34,0.581,0.299,1.417,0.892,1.473,1.838,0.695,2.564,3.96
6.936,0,0,0,1,1,1,0,1,0,0,0,0.762,0.483,0.03,1.502,1.929,7.108,2.472,0.461,3.139,4.404
8.279,0,0,0,0,0,0,1,1,0,0,0,0.391,0.64,2.915,2.773,0.881,3.861,0.826,1.068,2.998,4.102
6.296,1,0,0,0,1,0,0,0,0,0,1,0.62,0.376,1.483,-1.72,1.613,-1.723,2.149,2.662,2.393,1.83
9.292,0,0,0,0,0,0,0,1,1,0,0,0.024,0.606,2.058,8.633,1.265,3.554,0.24,1.214,4.6,7.157
11.608,1,0,0,1,0,0,0,1,0,0,1,0.276,0.494,0.205,-0.433,0.65,5.189,1.701,1.429,4.768,4.389
7.073,1,0,1,0,0,1,1,0,0,0,1,0.375,0.636,4.143,-2.265,0.179,3.644,0.179,0.673,4.246,5.703
13.321,1,0,0,0,0,0,0,1,1,0,0,0.274,0.634,0.398,0.631,0.433,-0.083,1.355,0.99,4.954,3.917
5.168,1,0,0,1,0,0,0,0,0,0,0,0.647,0.586,2.286,3.668,1.084,3.677,3.036,1.817,3.036,6.829
5.808,1,0,0,0,0,0,0,0,0,1,1,0.919,0.456,0.036,2.62,1.63,2.818,0.53,0.693,4.935,4.364
15.765,0,0,0,1,0,1,0,0,1,0,0,0.707,0.486,1.172,3.199,1.511,3.403,0.496,1.264,3.642,1.461
5.937,1,0,1,0,0,0,0,1,1,1,0,0.349,0.855,0.102,5.067,1.03,4.237,3.56,1.817,2.362,6.915
11.648,1,0,0,0,0,0,0,1,1,1,0,0.668,0.656,1.143,-0.523,1.322,4.418,0.641,0.756,2.231,6.272
8.476,0,0,0,0,0,0,0,0,1,0,0,0.437,0.26,2.299,-1.843,0.558,4.538,1.659,1.73,3.9,4.132
11.638,0,0,0,0,0,1,0,0,1,1,1,0.386,0.931,0.571,-4.42,0.593,7.341,1.652,1.275,2.723,-0.119
16.755,1,1,0,0,0,0,0,0,1,1,1,0.667,0.369,0.073,1.919,0.485,4.765,1.559,0.628,3.47,7.772
16.346,0,0,0,0,0,0,0,0,1,0,1,0.828,0.874,1.807,3.318,1.714,3.563,1.382,0.82,2.646,3.379
8.676,0,0,0,0,0,1,1,0,1,1,1,0.613,0.647,3.781,-0.883,0.884,3.019,1.749,1.019,2.318,4.627
0.859,1,0,1,0,1,0,0,0,1,1,0,0.167,0.721,0.714,4.273,0.99,4.627,3.65,0.844,2.403,3.077
19.991,0,0,0,1,0,1,1,1,1,0,1,0.218,0.911,0.788,-0.064,0.703,2.706,0.404,1.638,3.831,7.154
12.668,1,0,1,0,0,1,0,0,0,1,0,0.099,0.701,0.564,3.286,1.042,5.395,1.692,0.486,4.688,11.919
12.165,0,0,0,0,0,1,0,0,0,0,1,0.883,0.434,0.534,4.351,0.31,5.377,0.418,1.703,2.129,8.336
9.946,0,0,0,1,0,1,0,0,0,0,0,0.905,0.562,1.348,9.481,0.921,4.101,2.162,0.71,2.009,4.612
12.04,0,0,0,0,0,1,0,0,1,1,0,0.218,0.72,0.508,3.964,0.514,6.357,1.496,1.134,2.471,3.693
9.342,1,0,0,0,1,0,0,1,1,1,1,0.161,0.712,0.026,5.702,0.487,3.556,1.064,1.191,2.846,6.427
11.683,1,0,1,0,1,0,1,0,1,0,0,0.964,0.787,1.856,-1.412,0.511,-1.598,0.792,1.561,2.43,6.053
8.399,0,0,1,0,0,0,1,0,1,1,1,0.457,0.494,0.107,-1.316,1.221,5.339,0.192,1.395,4.468,6.203
4.519,0,0,0,0,0,0,1,1,1,1,0,0.41,0.482,0.773,5.04,0.986,3.912,0.656,6.651,2.675,7.652
13.951,0,0,0,0,0,0,0,0,0,1,1,0.277,0.829,1.143,4.265,0.749,7.388,4.421,2.144,2.559,6.538
16.079,1,0,0,0,0,0,1,0,0,0,0,0.696,0.548,2.093,6.965,1.261,1.417,1.416,1.214,3.447,1.621
8.765,0,0,0,0,0,1,0,0,1,1,0,0.706,0.436,1.37,4.311,0.735,5.395,1.72,0.932,3.015,5.291
4.987,0,0,0,0,0,0,0,0,1,0,0,0.511,0.619,0.54,2.484,1.228,2.133,1.456,0.662,4.525,3.273
12.569,1,0,0,0,0,0,0,1,0,0,0,0.65,0.546,0.039,8.842,0.487,3.446,0.139,0.349,3.027,5.286
9.821,0,0,0,0,0,0,0,0,0,0,0,0.691,0.967,0.046,3.462,1.004,5.177,0.345,1.065,3.935,3.322
3.067,0,0,0,0,0,0,0,0,0,0,0,0.87,0.802,0.881,0.449,1.701,2.886,2.063,0.881,4.342,5.025
10.009,0,0,0,1,0,1,0,1,0,0,0,0.984,0.904,0.708,8.009,0.725,2.825,0.625,2.156,4.551,7.37
7.479,1,0,1,0,0,0,1,1,0,0,0,0.99,0.428,0.743,-1.141,0.238,2.109,0.213,1.356,4.927,5.216
8.636,0,0,0,0,0,0,0,1,0,1,1,0.786,0.705,2.619,6.705,1.306,3.73,0.829,1.418,4.955,5.079
5.374,0,0,0,0,0,0,0,0,1,0,1,0.743,0.823,1.779,-1.05,0.608,3.955,0.936,0.785,3.105,3.58
17.213,0,0,0,1,1,1,1,0,1,0,0,0.916,0.448,0.076,5.36,1.27,0.476,3.158,0.576,3.613,9.523
8.675,1,0,0,0,1,0,1,1,0,0,1,0.51,0.533,0.036,0.135,0.664,6.443,0.459,1.412,2.13,6.524
3.578,0,0,0,0,0,0,1,0,1,0,1,1,0.694,0.012,-3.123,1.202,4.422,1.34,1.205,3.88,3.849
10.789,1,0,0,0,0,1,0,0,1,1,1,0.116,0.613,0.465,7.1,1.038,0.744,2.439,0.871,3.756,8.673
11.053,1,0,1,0,1,0,0,1,0,0,0,0.797,0.298,0.703,3.91,1.065,3.216,0.159,1.987,4.712,1.12
6.057,1,0,0,0,1,0,1,0,1,1,0,0.572,0.777,0.124,5.382,0.441,5.638,1.875,1.031,2.084,6.056
-1.556,0,0,0,0,0,0,0,1,1,0,1,0.001,0.442,0.081,3.597,1.473,2.946,1.221,1.057,2.449,5.939
7.438,0,0,0,0,0,0,0,0,0,1,1,0.712,0.368,0.056,-3.928,0.464,1.527,0.624,0.885,3.473,0.401
12.282,1,0,0,0,0,0,1,0,0,1,0,0.062,0.481,0.604,11.158,1.181,4.668,0.318,4.779,4.194,2.787
9.761,0,0,0,0,0,0,0,0,0,1,0,0.256,0.672,0.561,4.608,0.518,6.703,0.645,1.074,3.457,4.062
9.607,1,0,0,0,1,0,1,0,0,0,0,0.235,0.62,0.508,7.368,0.488,4.202,0.704,0.758,4.421,7.385
12.243,0,0,0,0,0,0,0,1,0,0,0,0.198,0.453,3.506,1.106,0.707,3.46,0.71,0.637,4.809,7.198
5.254,0,0,0,0,0,0,0,0,1,0,0,0.288,0.47,1.488,8.353,1.514,4.328,2.143,0.7,4.373,6.905
14.387,0,0,0,1,0,0,0,0,0,1,1,0.564,0.618,2.282,1.115,0.688,4.706,3.739,0.836,2.603,3.864
9.979,1,0,0,0,1,0,0,1,0,0,0,0.996,0.67,1.758,-2.696,1.475,3.557,0.562,0.687,3.196,6.966
12.829,1,0,0,0,0,0,0,0,0,1,0,0.288,0.793,0.379,7.88,0.505,3.472,1.226,0.83,2.444,6.094
14.136,0,0,0,0,0,1,0,0,0,1,0,0.081,0.894,0.422,-1.516,0.86,3.006,1.931,1.683,2.476,6.738
10.894,0,0,0,0,0,0,0,1,1,0,0,0.687,0.603,4.023,5.984,0.925,1.095,0.822,1.345,3.491,6.022
6.485,0,0,1,0,0,0,0,0,0,1,0,0.639,0.619,1.087,1.531,0.606,4.749,3.982,0.804,2.4,3.594
14.652,1,0,1,1,0,0,0,0,0,0,0,0.178,0.574,0.594,5.818,0.66,3.722,1.873,0.363,2.473,3.571
1.999,0,0,0,0,0,0,0,1,1,1,0,0.823,0.36,1.054,1.759,1.16,4.798,0.165,1.437,3.538,4.341
7.821,0,0,0,0,0,1,0,1,0,0,1,0.87,0.699,0.105,7.063,1.036,5.792,1.177,0.759,4.377,2.889
8.977,0,0,1,0,0,0,0,0,0,1,0,0.474,0.87,0.573,0.897,0.567,6.138,2.196,2.165,2.462,7.601
9.336,1,0,0,0,0,0,0,1,0,1,0,0.416,0.269,0.369,-0.404,0.964,5.209,1.595,0.53,3.738,3.937
14.082,1,0,0,0,0,0,0,0,0,0,0,0.099,0.411,0.8,2.201,1.498,3.497,0.827,2.091,2.283,5.476
10.545,0,0,0,1,0,0,0,1,0,1,0,0.349,0.743,0.438,2.208,0.792,4.266,0.332,0.682,3.341,3.655
11.629,1,0,0,0,1,0,0,0,0,0,1,0.536,0.463,4.731,3.567,1.29,2.6,0.66,1.292,2.728,2.068
9.721,0,0,0,0,0,0,0,1,1,0,0,0.034,0.212,0.195,-2.002,0.93,6.463,0.792,0.572,3.984,4.891
9.009,0,0,0,1,0,0,0,0,1,0,1,0.306,0.863,2.927,2.904,1.031,0.772,0.584,1.344,2.859,3.502
12.782,0,0,0,0,1,0,1,0,0,0,1,0.585,0.88,1.599,5.463,0.582,1.789,0.902,0.704,3.334,2.054
14.585,1,0,0,0,0,0,0,1,0,0,1,0.243,0.945,1.255,2.942,0.588,3.878,1.288,0.443,3.088,1.43
0.388,0,0,0,0,0,0,0,1,1,0,0,0.975,0.901,1.465,9.411,0.63,3.09,1.473,0.419,3.15,4.68
12.291,0,0,0,0,0,0,0,0,0,1,0,0.199,0.704,0.268,5.713,0.315,2.98,0.876,0.594,2.342,4.058
11.499,0,0,1,0,0,0,0,0,1,0,1,0.496,0.649,0.329,3.227,0.964,5.999,0.998,2.799,2.358,1.285
8.299,1,0,0,0,0,0,0,0,0,1,0,0.767,0.739,1.861,5.806,1.106,4.342,2.716,0.762,4.525,6.136
13.804,1,0,0,0,1,0,0,0,0,0,1,0.444,0.439,1.371,0.581,0.988,3.937,1.888,0.522,4.133,5.285
8.443,0,0,0,0,1,0,0,0,1,1,1,0.554,0.527,0.154,-5.823,1.043,1.441,2.002,1.481,3.212,7.749
8.863,0,0,0,0,1,0,0,0,1,0,1,0.047,0.89,0.806,9.179,1.143,4.51,2.513,1.131,3.242,6.284
13.43,1,0,0,0,0,0,1,1,0,0,1,0.145,0.937,0.145,-0.952,1.427,0.385,0.589,1.295,3.932,2.684
16.879,0,1,0,0,1,1,0,0,0,1,1,0.566,0.755,0.303,0.602,0.778,4.126,0.068,0.824,4.855,6.252
11.08,0,0,0,0,0,0,1,0,1,0,0,0.896,0.805,1.434,3.34,1.193,3.648,0.303,0.788,2.302,2.177
8.311,0,0,0,0,0,0,1,0,1,1,1,0.864,0.802,0.016,6.83,1.248,1.669,0.373,1.746,3.444,4.352
5.244,1,0,0,0,0,1,0,1,1,0,0,0.886,0.67,0.569,6.841,0.347,4.965,1.714,1.79,3.642,3.283
8.676,1,0,1,0,0,0,1,0,0,1,1,0.859,0.792,0.362,1.787,0.931,6.424,0.705,1.255,2.175,4.124
6.241,1,0,0,0,0,0,1,1,0,0,0,0.483,0.589,1.551,3.521,0.536,3.183,0.634,1.4,3.794,6.444
8.964,1,0,0,0,1,0,0,1,1,0,1,0.571,0.933,0.768,4.93,0.677,3.686,1.301,1.651,4.593,7.733
11.578,1,0,0,0,0,1,0,0,0,0,0,0.21,0.309,0.259,-0.707,0.639,2.252,0.339,0.825,4.565,-2.601
6.593,1,0,0,1,0,0,0,1,0,0,0,0.694,0.838,2.129,8.309,0.677,3.69,0.889,0.921,4.646,4.658
20.597,0,0,0,0,0,0,0,0,1,1,1,0.915,0.414,0.818,1.043,0.963,5.235,3.113,0.996,4.485,10.146
10.624,0,0,0,0,0,0,1,1,0,1,1,0.148,0.635,0.99,8.291,1.196,2.749,1.17,0.755,2.92,1.36
14.521,1,0,0,0,0,0,0,1,0,1,1,0.683,0.843,5.574,-0.148,0.36,3.366,0.075,0.49,4.702,4.742
0.844,1,0,0,0,0,0,0,0,1,0,0,0.948,0.864,1.418,-4.419,0.598,4.247,1.612,0.916,2.228,2.068
12.964,0,0,0,0,0,0,0,1,1,0,0,0.009,0.535,0.176,0.1,1.178,3.552,1.152,0.555,3.174,6.336
4.735,1,0,0,0,0,0,0,1,1,1,0,0.529,0.274,0.298,2.779,1.008,6.729,3.27,1.602,4.945,6.751
13.679,1,0,0,0,0,0,1,0,0,1,0,0.448,0.706,0.762,14.833,0.681,5.81,0.676,0.822,4.805,3.316
11.593,1,0,0,0,1,0,1,0,1,0,1,0.979,0.702,0.087,1.445,1.234,4.417,0.594,0.593,4.32,8.737
8.37,1,0,0,0,1,0,1,0,1,0,1,0.418,0.513,2.304,0.112,0.676,1.326,3.787,2.195,3.358,5.503
15.297,0,0,0,1,1,1,0,0,1,1,1,0.981,0.525,1.472,-7.956,0.489,4.646,1.195,1.341,2.54,4.371
7.195,1,0,0,0,0,0,1,1,0,0,0,0.376,0.725,0.441,-0.04,0.849,4.348,0.495,1.052,4.333,2.262
7.678,1,0,1,0,0,0,0,0,1,1,1,0.328,0.352,3.937,3.564,1.304,2.245,1.439,0.88,2.263,5.155
5.996,1,0,0,0,0,0,0,0,1,0,0,0.838,0.686,3.419,5.915,0.899,8.02,1.057,1.597,4.271,4.637
7.327,1,0,0,0,0,0,1,1,0,1,0,0.738,0.5,1.385,0.253,1.335,3.874,2.634,3.208,4.891,3.983
13.781,0,0,0,0,0,0,0,0,1,1,0,0.508,0.972,0.646,10.304,0.652,2.522,0.715,0.979,3.313,3.603
11.735,1,0,0,0,1,0,1,1,0,0,0,0.523,0.571,0.19,2.507,0.959,4.223,1.814,1.223,2.64,3.732
14.021,1,1,0,0,0,0,0,0,1,1,1,0.652,0.605,0.481,3.182,1.772,6.744,1.822,0.802,3.041,4.182
8.44,0,0,0,0,0,0,0,0,1,0,0,0.674,0.405,1.098,7.381,0.645,4.291,1.79,0.608,3.593,8.754
11.505,0,0,0,0,0,1,1,1,0,1,1,0.735,0.225,0.22,-2.663,1.806,4.276,6.742,3.815,2.86,7.399
10.977,0,0,1,1,1,1,1,0,1,1,0,0.825,0.949,2.823,12.039,1.03,4.554,1.189,0.542,3.926,7.41
4.295,1,0,0,0,0,1,1,0,0,1,0,0.966,0.296,2.792,2.384,1.005,4.868,3.862,2.116,4.315,5.647
17.114,1,0,0,0,0,1,0,0,0,1,1,0.111,0.727,0.048,1.808,0.388,3.839,0.831,0.759,2.458,4.211
10.538,0,0,0,0,0,0,0,0,0,0,0,0.237,0.298,0.28,-0.472,1.05,4.791,0.887,2.874,4.815,4.314
13.062,1,1,0,0,1,0,0,0,0,0,1,0.814,0.208,0.807,6.464,0.808,5.991,0.821,0.479,2.047,5.411
13.821,1,0,0,1,0,0,0,0,1,0,0,0.522,0.364,1.861,4.006,0.707,5.155,0.461,1.35,3.062,5.826
9.798,0,0,0,1,0,0,0,0,0,0,0,0.835,0.294,0.648,0.688,0.333,4.905,3.146,0.992,4.931,4.731
8.777,1,0,0,0,0,0,0,1,0,0,1,0.81,0.659,0.369,-1.515,0.105,3.877,2.829,0.96,4.694,4.528
13.575,0,0,0,1,0,1,0,0,0,0,0,0.386,0.949,0.25,5.724,0.822,4.106,3.117,1.518,3.685,1.914
5.811,1,0,0,0,1,0,1,0,1,1,1,0.428,0.542,0.252,6.474,1.329,2.239,4.187,1.213,3.489,0.97
17.885,0,0,1,0,0,0,1,1,1,0,0,0.921,0.928,4.297,-0.272,0.378,5.804,2.337,1.499,3.558,1.801
8.465,1,0,0,0,1,0,0,0,0,1,0,0.407,0.485,0.217,8.255,0.565,6.529,4.998,0.419,2.604,6.983
16.617,1,0,0,0,0,0,1,1,0,0,1,0.401,0.758,0.49,5.846,1.011,2.321,1.42,0.346,4.431,5.288
16.049,0,1,0,0,1,0,1,0,0,0,0,0.539,0.108,2.134,8.871,0.908,1.068,0.957,2.078,4.889,7.344
10.332,1,0,0,1,0,0,0,1,0,1,0,0.952,0.875,0.818,4.841,0.164,4.131,0.583,1.169,4.611,5.633
12.269,1,0,1,0,0,1,0,0,1,1,0,0.16,0.439,2.241,4.448,0.736,4.867,2.474,2.248,3.639,7.384
5.902,0,0,0,0,0,0,1,0,0,1,1,0.621,0.917,0.944,0.232,0.887,3.9,0.155,0.768,2.746,3.818
11.292,1,1,0,0,0,0,0,0,0,0,1,0.636,0.595,1.524,2.649,2.534,-2.625,3.917,1.252,2.578,5.676
14.174,0,0,0,0,0,0,0,0,1,0,0,0.034,0.623,1.377,4.879,0.476,5.18,4.202,1.39,2.656,5.799
10.396,0,0,0,0,0,1,0,0,0,0,1,0.175,0.485,0.481,0.007,1.32,5.119,3.911,0.896,4.618,5.039
8.183,1,0,0,1,0,0,0,0,0,0,0,0.87,0.784,1.495,4.352,0.422,4.554,2.428,0.785,3.352,9.363
7.377,0,0,0,0,1,0,0,0,0,1,1,0.944,0.553,0.859,4.038,0.772,5.257,0.45,1.384,4.779,4.611
9.856,0,0,0,0,0,1,0,0,1,1,1,0.677,0.749,1.814,-3.316,0.402,4.049,0.913,0.59,2.462,4.147
14.277,0,0,0,0,0,0,0,1,0,1,0,0.934,0.273,1.59,5.129,0.594,3.305,1.13,0.753,3.764,3.029
8.064,0,0,0,0,1,0,0,0,1,0,0,0.202,0.444,0.221,-1.063,0.859,5.181,2.109,0.65,4.035,8.594
9.516,0,0,0,0,0,0,1,0,0,1,1,0.231,0.167,1.313,4.776,1.258,4.998,4.828,0.842,4.908,1.51
4.823,0,0,0,0,0,1,0,0,0,0,0,0.663,0.513,1.36,-1.632,0.75,4.931,1.064,0.508,4.29,3.219
11.977,0,0,0,1,0,0,1,0,0,1,1,0.47,0.806,0.752,0.53,1.342,3.272,1.378,1.331,3.413,1.968
15.232,1,0,0,0,1,0,0,1,0,1,1,0.26,0.685,0.979,4.894,1.307,5.972,0.301,2.276,4.141,5.151
15.988,1,0,1,0,0,1,0,0,0,1,0,0.7,0.69,0.187,1.657,1.151,6.764,2.42,0.605,4.274,6.788
13.259,1,0,0,1,0,1,0,0,0,1,0,0.5,0.267,0.485,9.356,1.664,3.088,1.085,1.262,2.336,6.104
2.521,0,0,0,0,0,0,0,0,1,1,0,0.808,0.536,0.691,3.7,0.593,3.129,3.087,6.069,4.279,2.188
11.928,0,0,0,0,0,0,0,0,1,0,0,0.213,0.682,0.067,2.884,0.401,4.669,0.485,0.558,3.739,5.326
11.825,1,0,0,0,0,0,0,0,0,1,1,0.703,0.936,0.551,-4.58,1.635,5.517,0.473,0.365,2.398,6.442
8.586,0,0,1,0,0,0,0,0,0,1,0,0.695,0.73,0.096,0.927,0.329,2.46,1.53,0.897,3.857,1.256
10.682,0,0,0,0,0,0,0,0,0,1,1,0.332,0.809,0.488,3.515,1.695,3.821,3.06,2.298,4.067,3.588
6.544,0,0,0,0,0,0,0,0,1,0,1,0.441,0.683,0.735,-1.893,1.216,1.497,0.682,2.037,4.719,7.065
12.717,1,0,0,0,0,0,0,1,1,0,1,0.644,0.238,1.426,2.631,0.242,6.651,0.284,2.073,2.988,2.343
8.692,0,0,0,0,0,1,0,0,0,1,0,0.486,0.574,0.888,0.915,0.938,1.545,1.482,0.892,3.042,6.049
3.724,0,0,0,0,0,0,0,0,0,0,0,0.8,0.604,0.156,6.55,2.074,5.013,1.359,1.271,3.541,6.254
8.53,1,0,0,0,1,0,0,1,0,1,0,0.439,0.78,0.417,10.922,1.61,3.789,1.413,1.46,3.973,7.826
15.458,0,0,0,0,0,1,1,0,0,0,0,0.099,0.763,0.293,-0.168,0.686,3.859,1.826,0.731,2.968,9.012
8.663,0,0,0,0,1,1,1,0,0,1,1,0.907,0.591,1.536,4.412,0.403,0.872,0.643,0.623,4.244,4.98
12.931,1,0,0,0,0,1,0,1,0,0,1,0.617,0.413,1.934,3.085,1.17,-1.287,4.398,1.494,3.908,8.78
13.786,0,0,1,0,0,0,0,0,1,0,1,0.504,0.795,0.6,2.586,0.745,3.938,0.211,1.311,4.285,6.501
10.018,0,0,0,0,0,0,1,1,0,0,0,0.874,0.741,1.002,9.617,0.666,4.128,1.058,0.884,2.638,8.285
8.591,1,0,0,0,1,0,0,0,0,0,0,0.608,0.268,0.243,4.514,0.84,4.873,1.388,3,3.209,2.354
7.881,1,0,0,0,1,0,0,0,0,1,0,0.006,0.57,0.674,7.665,0.31,4.627,0.678,2.096,2.953,4.405
12.958,1,0,1,0,0,0,1,1,0,0,1,0.773,0.456,0.975,-3.401,1.426,5.01,4.248,0.913,3.258,4.037
5.746,0,0,0,0,0,0,0,1,0,0,0,0.718,0.653,1.436,12.087,0.452,4.914,0.335,1.248,2.2,1.798
10.985,0,0,0,0,0,0,0,0,0,0,0,0.849,0.855,1.479,0.011,0.344,4.586,0.811,0.623,3.741,3.653
8.842,1,0,0,0,1,1,0,0,0,0,1,0.597,0.367,1.663,-0.967,1.124,4.393,0.959,1.379,4.129,6.811
0.94,0,0,0,0,1,1,1,1,1,0,1,0.314,0.723,1.586,6.002,0.935,3.043,1.3,0.605,3.022,3.261
4.365,1,0,0,0,0,0,0,0,1,1,0,0.91,0.838,0.701,3.924,1.108,3.44,0.607,1.352,2.678,6.284
13.664,1,0,1,0,0,1,0,1,1,0,0,0.229,0.376,3.586,8.602,0.689,3.764,0.136,1.044,2.716,8.959
9.235,0,1,0,0,0,0,0,0,0,0,1,0.851,0.448,0.441,5.157,1.781,4.734,0.639,0.477,3.849,3.271
13.213,1,0,0,0,0,1,0,0,1,0,0,0.846,0.62,0.379,7.503,0.884,2.301,0.085,2.593,4.612,3.333
17.55,1,0,1,0,0,0,0,0,1,0,0,0.617,0.448,1.535,2.594,1.247,6.408,1.125,0.852,3.366,7.646
15.896,1,0,0,1,0,0,1,0,0,0,1,0.536,0.505,0.804,3.916,0.383,4.522,2.366,0.821,2.969,6.668
12.709,1,0,0,0,0,1,0,1,1,0,1,0.671,0.194,1.775,1.874,0.668,2.725,3.33,1.772,4.91,7.208
11.52,0,0,0,0,0,1,0,1,0,0,1,0.944,0.585,0.822,6.642,0.955,5.322,0.259,0.656,3.272,1.734
9.229,1,0,0,0,0,0,0,0,0,0,0,0.86,0.574,0.626,0.805,0.545,3.882,2.895,1.324,2.514,3.961
16.312,1,0,0,0,0,1,0,1,1,1,0,0.241,0.741,0.289,3.749,1.087,5.451,2.535,1.054,3.361,1.856
12.385,0,0,0,0,0,0,0,0,0,0,1,0.265,0.698,0.233,6.689,1.876,6.607,1.387,1.012,4.098,4.929
5.306,0,0,0,1,0,0,1,0,1,1,1,0.221,0.677,0.008,10.935,0.321,1.848,1.457,0.706,3.148,9.332
9.377,1,0,0,0,0,0,0,1,1,0,1,0.412,0.372,0.674,0.411,2.237,2.544,1.746,2.092,2.85,8.004
2.324,0,0,0,0,1,0,0,1,1,1,0,0.442,0.345,0.174,0.625,0.761,3.583,0.68,1.421,2.089,5.697
9.219,0,0,0,0,0,1,1,0,0,0,0,0.371,0.279,0.713,3.751,1.617,6.055,0.852,0.699,2.632,1.767
-0.369,1,0,0,0,0,0,0,0,0,0,1,0.338,0.272,0.524,7.64,0.987,2.374,0.058,0.809,3.835,5.189
15.256,0,0,0,1,0,0,0,0,0,1,1,0.207,0.453,0.35,10.088,0.531,5.663,2.536,1.072,3.139,5.955
7.458,0,0,0,0,0,0,0,0,1,1,0,0.933,0.486,0.045,3.323,1.396,3.071,1.551,1.42,4.277,4.142
8.28,0,0,0,0,0,0,1,0,1,0,0,0.645,0.627,0.08,5.196,1.024,0.653,0.342,1.492,3.34,8.42
9.323,0,0,0,0,0,0,0,1,1,1,1,0.09,0.591,0.051,4.826,0.578,4.027,2.594,2.696,3.847,6.599
12.449,1,0,0,0,0,1,1,0,1,1,1,0.525,0.279,0.204,5.787,0.428,2.176,0.85,0.615,4.212,1.541
12.713,0,0,0,0,1,0,0,0,0,1,0,0.127,0.349,0.23,-1.49,1.079,4.877,2.994,0.663,2.954,3.881
12.272,0,0,1,0,0,0,1,0,1,0,1,0.868,0.546,0.699,2.477,1.539,0.522,1.457,0.732,4.888,3.525
7.71,0,0,0,0,1,0,0,0,0,1,0,0.616,0.44,0.047,-5.31,0.716,4.055,1.719,1.347,2.034,2.936
4.547,0,0,0,0,0,0,1,1,1,1,1,0.041,0.888,1.381,-1.71,0.89,9.549,2.779,1.355,2.75,3.477
8.445,1,0,0,0,0,0,1,0,1,1,0,0.735,0.569,0.283,0.563,0.961,4.935,0.34,1.697,2.649,6.195
11.112,1,0,0,0,0,0,0,1,1,0,1,0.228,0.908,2.491,3.781,1.065,6.519,4.389,0.601,3.284,6.801
6.708,0,0,0,1,1,0,0,0,1,0,1,0.147,0.372,1.013,3.995,0.711,4.999,1.221,2.798,3.678,6.142
9.725,0,0,0,1,0,1,0,1,1,0,0,0.193,0.226,1.338,-3.499,0.611,3.09,0.737,0.612,3.619,3.966
5.329,0,0,0,1,0,0,1,0,1,0,1,0.552,0.839,1.495,6.363,0.282,2.756,0.158,1.86,4.474,5.277
9.967,1,0,0,1,0,0,0,0,1,1,0,0.978,0.503,0.374,0.346,1.261,2.844,1.757,0.785,2.701,5.417
10.515,1,0,0,0,0,0,0,1,1,1,0,0.92,0.568,2.836,5.124,0.652,4.647,1.067,2.171,4.76,0.229
9.416,1,0,0,0,0,0,0,0,1,1,0,0.669,0.814,0.66,0.664,0.601,3.521,0.743,0.955,3.987,3.957
9.344,0,0,0,0,1,0,0,0,0,0,1,0.786,0.339,1.277,4.963,1.071,4.688,3.365,0.825,2.033,6.031
17.054,0,0,0,0,0,1,0,0,0,0,0,0.389,0.864,0.64,0.581,0.557,4.561,0.926,1.02,2.507,3.041
13.05,1,0,1,0,0,0,1,1,1,1,0,0.043,0.456,0.858,1.573,0.194,0.435,2.407,2.068,4.278,3.574
14.446,0,0,0,0,0,1,0,0,0,0,1,0.1,0.905,0.06,1.136,0.488,4.478,1.354,1.586,3.525,7.943
6.307,0,0,0,0,0,1,0,1,0,0,1,0.983,0.95,0.014,10.577,0.857,3.911,3.042,2.03,3.726,4.797
10.657,0,0,0,0,0,0,0,1,1,1,0,0.771,0.186,3.467,-4.29,0.178,4.581,0.965,0.399,2.238,3.126
14.619,0,0,0,0,0,0,0,1,0,0,0,0.21,0.649,0.68,12.087,1.213,2.328,1.623,2.093,2.225,7.935
9.774,1,0,0,0,0,1,0,1,1,0,1,0.914,0.532,0.782,2.547,1.217,6.129,1.643,1.491,3.466,5.033
1.483,1,1,0,0,1,0,0,1,0,1,1,0.596,0.762,1.164,0.209,0.138,1.648,0.123,1.835,2.862,5.715
11.379,0,0,0,1,0,0,1,0,0,1,0,0.228,0.609,0.921,-2.314,0.868,5.648,1.96,0.933,4.224,3.321
2.38,1,0,0,0,0,0,0,0,0,1,1,0.701,0.788,3.219,4.57,0.66,5.802,0.93,1.866,4.045,5.589
6.755,0,0,0,0,0,0,0,1,0,1,1,0.329,0.788,5.133,1.233,0.139,6.703,6.162,0.865,2.48,4.781
15.296,1,0,1,0,0,0,0,0,1,1,1,0.688,0.533,0.975,10.621,2.123,3.716,1.419,2.076,4.723,6.975
12.463,0,0,1,0,0,0,0,1,0,1,1,0.976,0.729,0.016,-1.199,0.853,5.704,1.707,0.921,4.697,5.214
14.367,0,0,0,0,1,0,0,1,1,1,0,0.621,0.857,0.018,8.974,0.354,3.571,0.423,0.839,3.798,0.999
11.226,0,0,1,0,1,1,0,1,1,0,0,0.805,0.257,1.353,4.215,2.053,2.38,1.763,1.539,3.944,1.199
9.559,0,0,0,0,0,0,0,0,1,1,1,0.962,0.634,1.082,6.832,0.691,5.956,0.772,0.872,4.196,4.508
6.303,0,0,0,0,1,1,0,1,0,1,1,0.505,0.3,1.338,6.143,0.76,1.514,0.283,2.121,3.514,8.526
16.372,1,0,0,1,1,1,0,0,0,1,1,0.215,0.321,0.589,3.609,0.548,0.508,1.055,2.405,3.814,5.887
10.18,1,0,0,0,0,0,0,0,0,0,0,0.759,0.707,1.07,1.307,0.154,2.126,1.28,4.441,4.839,7.541
7.139,0,0,0,0,0,0,0,1,0,1,0,0.813,0.362,0.436,7,0.361,2.159,2.264,1.512,3.351,4.571
13.461,0,0,0,0,1,1,1,0,0,0,1,0.956,0.466,0.43,10.339,1.925,5.633,1.23,0.496,2.526,6.21
14.298,0,0,0,0,0,1,0,0,1,0,0,0.807,0.159,2.038,1.737,0.438,8.66,0.599,1.993,3.643,7.462
17.583,1,0,0,0,1,0,0,1,1,0,1,0.403,0.229,0.132,-1.366,1.347,4.873,0.445,2.017,2.775,6.016
7.588,1,0,0,1,1,0,1,1,1,0,1,0.599,0.276,1.466,1.101,0.786,4.213,0.95,0.489,3.534,6.468
8.437,0,0,1,0,0,1,1,0,1,1,1,0.685,0.505,1.004,1.162,1.244,3.722,1.412,0.542,2.937,4.699
8.335,0,0,0,0,0,0,0,1,1,0,0,0.238,0.973,0.884,-0.714,0.5,4.205,2.306,1.182,2.271,5.049
8.497,1,0,0,0,1,0,1,0,0,0,0,0.674,0.956,2.703,-0.368,1.396,2.53,0.539,2.294,2.949,2.925
8.533,1,1,0,0,1,0,0,1,0,0,1,0.721,0.921,0.804,7.98,0.379,5.901,4.111,0.537,3.146,1.379
8.817,1,0,0,0,0,1,1,1,0,1,1,0.814,0.397,3.486,2.234,0.855,-2.635,0.115,0.494,2.647,2.256
15.767,0,0,0,0,1,0,0,0,0,0,1,0.95,0.702,0.546,1.913,1.025,4.321,0.777,1.282,2.608,3.409
7.21,0,1,0,1,0,1,0,1,0,1,1,0.093,0.305,2.739,2.535,1.039,1.641,1.828,1.765,4.584,5.804
8.447,0,0,1,0,0,0,0,0,1,1,1,0.48,0.864,1.217,-1.064,0.649,3.843,4.24,1.481,4.175,5.603
12.61,1,0,0,0,0,1,0,1,1,1,1,0.273,0.76,0.209,4.535,0.337,5.216,2.14,1.373,4.242,6.026
14.499,1,0,0,0,0,1,0,1,0,0,1,0.829,0.507,0.086,7.604,0.969,5.355,1.444,2.367,3.187,4.043
6.912,1,1,0,0,0,0,1,1,0,0,1,0.514,0.928,0.298,0.209,0.331,5.139,0.664,0.994,4.701,4.329
7.968,1,0,0,0,1,1,1,1,1,0,0,0.874,0.339,0.161,3.828,0.584,5.304,0.109,1.03,2.619,5.798
12.094,0,0,0,0,0,0,0,1,1,1,0,0.801,0.279,1.21,2.035,1.672,4.574,2.235,1.841,3.123,6.548
14.071,0,0,0,0,0,0,0,0,1,0,1,0.021,0.591,0.373,5.512,0.929,4.86,2.382,1.345,3.465,1.878
8.995,0,0,0,0,0,0,0,1,1,0,0,0.093,0.467,0.389,6.072,0.856,3.593,0.126,0.645,4.198,5.507
4.28,1,0,0,0,0,0,1,0,0,0,1,0.206,0.666,0.982,8.339,0.872,3.897,1.442,1.282,4.263,4.124
16.836,0,0,0,0,0,0,0,0,1,0,1,0.861,0.725,2.961,4.381,1.628,6.466,3.111,0.897,2.62,6.59
15.74,0,0,0,0,0,0,0,0,0,1,0,0.76,0.327,0.454,2.51,0.541,4.765,0.753,1.55,2.697,4.071
7.159,1,1,0,0,0,0,1,1,0,0,0,0.183,0.311,0.837,1.029,1.276,3.87,1.799,0.731,2.245,6.572
9.74,1,0,0,0,0,0,1,0,0,0,1,0.345,0.734,2.647,1.534,1.015,4.602,2.043,0.69,2.176,5.361
2.962,1,0,0,0,0,0,0,0,0,1,0,0.866,0.756,0.875,4.28,0.497,0.459,1.501,1.903,3.843,9.528
12.279,1,0,0,1,1,0,1,0,0,1,0,0.045,0.634,1.742,3.353,0.568,3.401,2.755,0.826,2.02,6.878
16.449,1,0,0,0,0,1,1,1,1,0,0,0.245,0.334,0.658,-3.181,0.875,3.942,0.929,1.24,2.342,3.544
3.451,0,1,0,1,0,0,1,1,1,0,0,0.77,0.552,0.749,2.325,1.254,5.343,0.314,0.616,2.64,3.663
6.882,1,0,0,1,1,0,1,0,1,0,0,0.226,0.344,2.154,3.603,0.707,1.305,1.425,1.131,4.124,4.454
7.435,1,0,0,0,0,1,1,0,0,1,0,0.217,0.251,0.286,2.994,1.305,4.578,1.791,0.881,2.416,3.473
7.275,0,0,0,0,0,1,0,0,0,1,0,0.68,0.536,1.105,1.172,1.028,4.039,4.953,1.467,3.838,5.155
1.867,0,0,0,0,0,1,1,1,0,1,0,0.875,0.541,0.029,2.877,1.6,2.659,0.485,0.739,2.071,6.152
12.004,0,0,0,0,0,0,1,1,1,1,0,0.171,0.549,0.016,-2.185,1.759,5.421,3.127,2.476,4.438,10.528
3.873,1,0,0,0,1,0,1,0,0,1,0,0.21,0.47,1.518,6.312,0.672,7.043,0.428,0.468,3.852,6.316
9.9,0,0,0,0,0,0,0,0,0,0,1,0.523,0.859,0.841,3.855,1.376,2.867,1.088,1.756,2.56,7.626
12.372,1,1,0,1,0,0,1,0,1,1,0,0.388,0.447,0.115,3.219,0.758,2.988,7.636,3.535,2.627,2.741
9.207,1,0,0,0,1,1,1,1,0,0,1,0.475,0.366,2.512,4.992,0.791,6.249,1.894,2.595,2.497,8.8
13.568,1,0,0,0,0,0,0,0,0,1,1,0.756,0.557,5.864,0.431,1.99,3.943,0.399,0.575,3.2,5.891
9.897,1,0,0,0,0,0,0,1,0,1,0,0.034,0.773,1.532,3.286,0.844,5.79,0.469,0.582,2.276,4.317
7.409,1,0,1,0,1,0,0,1,0,1,0,0.694,0.226,0.541,3.224,0.48,4.552,1.083,1.135,2.143,5.746
12.585,1,0,0,0,0,1,0,1,1,0,0,0.106,0.561,1.639,0.376,0.374,4.194,0.909,0.42,2.101,5.09
8.265,1,0,1,0,0,0,1,1,1,0,1,0.346,0.779,1.048,5.58,1.134,4.896,5.97,0.691,2.403,6.899
17.09,1,1,0,0,0,0,1,0,1,0,1,0.292,0.676,0.295,8.798,0.665,3.756,0.777,0.906,4.429,11.006
9.927,1,0,0,0,0,1,0,1,0,0,0,0.73,0.595,0.384,1.989,1.345,5.982,3.483,0.511,4.834,6.218
13.411,1,0,1,0,0,0,0,0,1,0,0,0.166,0.964,1.518,4.859,0.89,2.196,0.325,1.039,4.501,3.454
10.821,0,0,0,1,0,0,0,0,0,1,0,0.408,0.915,0.215,-0.036,0.756,2.693,1.371,0.756,3.82,4.011
-2.032,0,0,0,0,0,0,0,0,1,0,0,0.23,0.797,0.132,0.547,1.18,4.615,0.274,0.419,4.614,6.681
4.536,0,0,0,0,1,0,0,1,0,1,0,0.829,0.556,0.354,-1.649,0.563,4.847,0.505,0.508,4.528,3.55
8.304,1,1,0,1,1,0,0,0,0,0,1,0.478,0.994,1.135,6.098,0.839,3.907,2.519,0.915,3.754,3.05
10.947,0,0,0,0,1,1,0,0,0,1,1,0.498,0.593,1.474,-4.248,1.17,3.758,3.858,1.78,4.459,5.384
0.629,0,0,0,0,1,0,1,0,0,0,0,0.193,0.462,0.152,-2.415,0.714,2.526,0.278,1.061,4.325,5.59
13.847,0,0,0,0,0,0,0,0,0,0,1,0.617,0.725,0.506,3.062,1.084,4.51,3.481,1.177,4.488,3.477
7.582,0,0,1,1,0,0,1,1,0,0,0,0.896,0.359,1.975,0.502,1.201,1.779,1.951,1.538,2.774,7.998
6.988,1,0,0,0,0,0,0,0,1,0,0,0.44,0.644,0.762,-3.304,1.083,5.433,0.291,1.673,4.241,7.379
3.778,0,1,0,0,0,0,1,0,1,0,1,0.019,0.799,1.058,4.386,1.043,1.233,2.483,0.799,4.98,4.542
4.184,0,0,0,0,0,1,0,0,0,1,1,0.257,0.197,1.009,-1.962,1.881,3.355,1.052,1.257,4.261,7.044
10.225,1,0,0,0,0,0,0,0,0,0,0,0.856,0.711,0.997,3,0.462,6.036,6.586,1.365,4.775,4.871
12.037,1,0,0,1,0,1,0,1,0,0,1,0.513,0.571,1.491,-3.194,1.09,7.207,1.857,1.817,2.107,1.6
1.608,1,0,0,0,0,0,0,0,0,0,1,0.853,0.748,0.802,2.386,1.382,3.298,0.627,1.141,3.14,3.535
5.983,0,0,0,0,0,1,0,0,0,1,0,0.858,0.676,0.759,-1.043,1.233,4.579,0.539,1.728,4.475,4.075
12.143,1,0,0,0,0,0,1,0,1,1,0,0.112,0.402,2.897,-0.848,0.752,0.022,0.322,1.021,2.812,2.743
8.188,0,0,0,0,0,0,0,1,1,1,0,0.389,0.502,0.27,-3.261,0.512,6.903,0.462,0.794,2.707,1.364
18.661,1,0,0,1,1,0,1,1,0,1,1,0.873,0.497,0.443,8.593,0.41,3.915,2.465,0.719,2.587,8.061
14.983,0,0,0,0,0,0,1,0,1,0,0,0.982,0.313,1.207,2.168,0.302,4.124,1.234,0.463,2.231,9.813
12.382,0,0,0,0,0,1,1,0,1,0,1,0.021,0.779,1.501,-2.32,0.994,4.823,2.476,1.777,2.171,7.415
10.02,1,0,0,1,0,0,1,0,0,1,0,0.349,0.441,0.31,3.14,0.826,3.619,4.067,1.097,4.43,8.106
11.117,1,0,0,1,1,0,0,0,1,0,0,0.128,0.828,0.17,5.381,0.893,3.382,0.294,1.381,3.059,9.747
7.176,0,0,0,0,0,0,0,0,0,0,1,0.772,0.33,1.049,3.86,1.648,3.356,2.026,2.675,3.639,1.911
12.512,0,0,0,0,0,0,0,0,1,1,1,0.337,0.555,0.205,1.017,0.449,5.461,1.486,0.602,2.407,8.878
15.921,0,0,0,0,0,0,0,1,0,0,1,0.415,0.823,1.195,4.552,0.454,4.2,0.842,2.109,3.233,2.193
14.334,0,0,0,1,0,0,0,0,0,0,0,0.886,0.3,0.136,3.753,0.793,4.143,0.871,1.1,2.685,5.348
6.747,0,0,0,0,0,0,0,1,0,1,1,0.912,0.59,0.182,3.565,1.048,3.4,0.354,0.839,3.214,6.628
3.524,1,0,0,1,0,0,0,1,1,1,1,0.252,0.443,1.23,-1.267,1.104,3.335,3.655,0.583,2.752,6.811
9.561,1,1,0,0,0,0,0,1,0,0,1,0.413,0.871,0.89,6.131,0.64,4.149,1.651,0.95,4.922,3.508
11.764,0,0,0,0,1,0,1,0,1,0,1,0.134,0.438,0.42,13.047,1.43,7.517,2.347,1.349,2.351,4.565
15.404,0,0,0,0,0,0,0,0,1,0,1,0.357,0.395,3.004,-2.516,1.001,2.293,1.033,1.522,2.98,0.657
4.726,1,0,0,0,0,1,0,1,1,0,0,0.222,0.532,0.105,0.853,0.833,0.686,1.059,1.85,4.024,4.346
11.458,1,0,0,0,1,1,1,1,0,1,1,0.24,0.806,0.048,-0.336,1.083,4.534,1.145,1.588,4.502,3.394
10.934,1,0,0,0,0,0,0,0,0,1,0,0.912,0.347,0.185,7.433,1.059,1.613,0.938,0.39,4,4.397
14.776,0,0,0,0,1,0,0,1,0,0,0,0.264,0.415,0.678,3.831,1.374,3.872,2.58,2.043,3.018,8.125
9.888,1,0,0,0,0,0,0,1,1,1,1,0.838,0.371,3.794,-0.097,0.837,3.197,1.124,0.34,3.775,3.247
8.571,0,0,0,0,0,0,1,1,0,1,0,0.988,0.19,0.204,2.661,0.507,4.272,1.336,0.719,3.019,6.775
5.413,1,0,0,0,1,0,0,1,1,1,0,0.084,0.358,0.217,-2.044,1.179,4.123,3.183,0.601,4.867,5.688
7.93,1,0,0,0,0,0,0,1,1,0,0,0.671,0.971,0.762,3.434,1.131,3.64,0.104,0.533,4.638,3.753
8.552,1,0,0,0,0,0,0,1,0,1,1,0.105,0.683,0.287,1.497,0.769,3.368,0.868,0.687,3.131,8.719
19.402,1,0,0,1,0,1,1,0,0,0,0,0.111,0.957,1.476,4.483,0.303,3.341,0.36,1.848,4.586,5.864
19.786,0,0,0,0,1,1,0,0,0,0,1,0.34,0.456,0.086,6.843,1.122,6.976,2.138,0.389,2.51,2.605
9.333,1,0,0,0,0,0,0,0,0,1,0,0.109,0.591,0.07,3.058,0.549,4.37,2.746,2.393,2.972,10.242
5.825,0,0,0,0,0,0,0,0,1,1,1,0.37,0.862,1.497,8.061,0.514,4.945,0.42,1.062,2.838,4.094
2.108,1,0,0,0,1,1,0,1,1,0,0,0.143,0.701,0.529,9.277,0.378,4.764,0.845,1.514,2.533,5.14
12.059,0,0,0,0,0,0,1,0,1,1,1,0.537,0.673,4.896,5.655,0.411,3.545,2.556,0.473,4.037,5.733
5.638,1,0,0,0,0,0,1,1,1,0,0,0.031,0.298,0.84,0.525,1.293,2.086,4.524,1.56,3.366,4.681
19.139,1,0,0,0,0,0,0,0,0,0,1,0.235,0.383,1.356,11.956,1.333,1.231,4.774,2.936,3.921,5.211
6.458,1,0,1,0,0,0,0,1,1,1,0,0.033,0.828,0.699,-7.133,1.379,4.51,5.986,1.227,2.464,5.628
10.444,0,0,0,0,0,0,0,0,1,0,1,0.93,0.552,0.466,-1.845,0.296,2.669,1.277,0.872,2.518,5.477
25.241,1,0,0,1,1,0,1,0,0,0,0,0.778,0.711,0.013,-1.746,0.42,6.743,0.379,2.133,4.865,3.312
5.564,0,0,0,0,0,0,0,1,0,1,0,0.427,0.326,1.131,-0.298,0.541,2.219,2.136,0.843,2.53,1.043
11.23,1,0,0,0,0,0,0,0,0,1,1,0.772,0.668,1.688,1.513,1.19,3.554,1.642,0.953,2.166,3.34
5.572,1,0,0,1,0,0,0,0,0,1,1,0.442,0.536,0.659,2.876,0.594,0.444,0.508,0.825,2.888,8.559
11.391,0,0,0,0,0,0,0,0,0,0,1,0.818,0.607,0.284,9.644,1.271,5.138,1.976,1.748,3.506,4.228
6.507,1,0,0,1,0,0,0,0,0,1,1,0.574,0.958,0.334,2.867,1.836,4.671,1.575,1.561,2.04,3.631
10.309,1,0,0,0,0,0,0,1,0,1,0,0.553,0.39,3.539,6.947,1.043,5.433,0.357,0.191,3.123,5.855
8.813,0,0,0,1,0,0,0,1,1,1,1,0.398,0.639,1.583,5.521,0.838,6.533,2.404,1.084,3.607,6.341
5.267,1,0,0,0,1,0,0,0,1,1,1,0.4,0.62,4.35,2.274,0.705,4.97,2.291,0.812,4.28,6.005
10.045,1,0,0,0,0,0,0,0,1,0,0,0.383,0.322,0.743,3.513,0.808,2.51,0.415,1.029,2.584,3.514
13.966,1,0,0,0,0,1,1,0,0,1,1,0.786,0.367,0.098,-0.784,0.194,3.012,0.04,1.159,4.02,5.511
16.376,0,0,0,0,1,0,1,0,1,1,1,0.01,0.683,1.421,7.644,0.434,5.475,1.163,1.057,3.588,3.312
4.509,1,0,0,0,0,1,1,1,0,0,0,0.78,0.122,0.114,5.188,0.386,1.905,3.372,0.848,3.839,2.174
9.002,1,0,0,0,0,0,0,1,0,0,0,0.069,0.655,0.397,-5.868,1.54,5.064,3.027,0.843,3.753,5.623
14.638,1,0,0,0,1,0,0,0,1,1,0,0.386,0.551,0.475,7.186,1.387,1.615,0.313,0.815,4.555,6.071
5.543,1,0,0,0,0,0,0,0,1,0,0,0.425,0.237,1.821,14.055,1.44,1.683,0.782,0.814,2.423,7.463
-0.114,1,0,0,0,0,0,0,0,0,0,1,0.837,0.781,1.932,4.439,0.699,3.771,0.746,0.959,4.351,8.307
6.256,0,0,1,0,0,0,0,0,1,0,1,0.093,0.55,0.613,-0.691,0.497,3.416,1.704,0.801,2.826,7.778
6.131,0,0,0,0,0,0,0,0,0,1,1,0.558,0.865,4.002,4.623,0.38,1.096,1.134,3.496,2.832,5.663
10.19,1,0,1,0,0,0,1,0,1,0,1,0.153,0.503,0.714,5.669,0.473,3.18,1.213,1.048,2.945,1.167
8.385,1,0,0,0,0,0,0,1,0,0,0,0.564,0.433,1.205,1.597,1.166,5.457,0.487,1.662,4.856,6.511
10.926,1,0,0,0,0,0,0,0,1,0,1,0.574,0.196,2.607,2.226,0.789,4.334,0.081,2.606,4.911,3.676
8.311,0,0,0,1,0,0,0,1,0,0,0,0.918,0.764,0,0.268,0.478,6.202,0.095,0.607,4.28,6.366
11.496,0,0,0,0,0,0,0,0,0,1,1,0.051,0.818,0.225,1.507,0.129,4.568,0.603,0.436,2.515,5.6
8.536,0,0,1,0,1,0,0,0,1,1,0,0.721,0.359,0.087,3.062,0.507,1.901,0.335,0.703,3.718,2.704
14.76,0,0,0,0,1,0,0,0,0,0,0,0.449,0.547,0.293,-6.73,0.301,3.375,0.575,1.029,2.312,5.464
7.051,1,0,0,1,0,0,0,0,0,0,0,0.985,0.851,2.161,2.174,0.725,-0.016,0.239,1.635,3.318,5.198
11.163,0,0,0,0,0,0,0,0,0,0,1,0.075,0.87,0.034,5.123,1.242,6.072,0.208,1.238,3.629,4.029
6.461,1,0,0,0,0,0,0,1,1,1,0,0.556,0.695,1.653,3.706,0.214,-1.251,2.472,1.374,4.362,4.222
10.832,0,0,0,1,0,0,1,0,1,1,1,0.04,0.848,0.489,3.578,0.355,6.013,0.641,0.537,4.006,-0.588
9.809,0,0,1,0,0,0,0,1,1,1,0,0.098,0.471,3.035,2.282,0.687,3.968,1.204,1.217,3.864,6.746
3.262,1,0,0,0,0,1,1,0,0,0,0,0.623,0.195,0.845,12.934,0.62,6.848,2.038,0.466,4.986,3.136
9.423,0,0,0,0,0,0,0,0,1,0,0,0.014,0.874,1.51,7.153,1.869,3.941,5.543,0.868,4.857,5.773
14.721,1,1,0,0,0,0,0,0,0,0,0,0.703,0.266,0.03,2.441,0.258,5.395,0.802,0.753,4.68,6.442
12.726,1,0,0,1,0,0,1,0,1,0,0,0.377,0.43,0.984,-2.229,0.564,5.022,1.945,0.574,2.572,1.996
10.573,0,0,0,0,0,0,0,1,0,0,1,0.728,0.565,2.983,3.775,1.003,8.311,1.04,1.561,3.096,6.891
5.231,1,0,1,0,0,0,0,0,0,1,1,0.136,0.692,0.591,4.338,0.459,3.891,2.039,1.17,3.715,5.26
14.677,1,1,0,0,1,1,0,0,0,1,1,0.437,0.555,1.262,-4.194,0.86,3.49,2.702,1.229,3.654,4.165
10.317,1,0,0,0,1,1,0,0,0,1,1,0.586,0.556,0.033,-0.809,1.409,2.525,0.928,0.877,4.361,5.795
8.193,0,0,0,1,0,1,0,0,1,1,0,0.204,0.45,0.668,6.948,1.46,2.492,5.181,0.595,2.701,4.628
16.568,1,0,0,0,0,0,1,1,0,0,0,0.186,0.883,0.033,0.153,0.949,1.789,0.267,1.072,4.609,6.425
6.922,1,0,0,0,0,1,0,0,1,0,0,0.242,0.814,2.738,5.602,2.044,3.583,1.223,1.522,4.741,7.995
11.213,1,0,0,0,0,0,1,0,0,1,0,0.772,0.898,1.952,9.129,1.08,3.937,1.462,1.788,3.293,5.033
15.127,0,0,1,0,0,0,0,0,1,0,1,0.131,0.594,0.327,-1.234,0.388,6.443,2.293,1.977,2.313,6.031
12.409,0,0,0,0,0,0,0,0,1,0,0,0.506,0.775,0.175,2.538,0.56,4.775,2.259,0.606,4.619,1.773
8.772,1,0,0,0,0,0,1,0,1,0,1,0.036,0.776,0.104,11.778,0.35,2.306,0.431,1.887,4.085,6.513
8.326,1,0,0,0,0,1,0,0,1,1,0,0.861,0.475,1.9,3.162,0.954,4.524,0.541,4.746,3.769,2.964
11.421,0,0,1,0,0,0,0,0,1,1,0,0.858,0.819,0.184,-4.488,0.795,4.333,0.059,0.843,4.493,5.83
12.054,1,0,0,0,0,1,0,0,1,0,0,0.78,0.52,0.526,2.22,0.443,8.619,0.618,0.799,4.313,0.353
10.074,1,0,0,0,0,0,0,0,0,0,1,0.786,0.475,0.098,3.127,0.488,4.801,2.613,0.799,3.566,7.963
15.274,0,0,0,0,1,1,1,1,0,0,1,0.337,0.636,0.311,-3.605,1.204,8.337,6.907,0.658,4.784,4.763
9.737,1,0,0,0,0,1,1,0,0,1,1,0.507,0.73,2.7,6.338,0.962,4.686,1.482,1.198,3.44,6.61
7.199,1,0,0,0,0,1,0,0,0,1,1,0.895,0.522,0.335,10.799,0.552,3.787,3.637,0.573,3.148,5.137
12.149,0,0,0,0,0,0,0,0,0,0,1,0.757,0.741,0.711,-0.372,1.488,3.391,0.927,1.747,4.606,2.247
1.193,0,0,0,0,0,0,0,0,0,0,1,0.714,0.601,0.429,2.91,0.31,2.34,4.103,1.511,4.659,5.355
11.568,1,0,0,0,0,0,0,0,1,0,0,0.951,0.674,1.818,0.077,0.656,-0.917,1.404,0.706,2.318,3.048
11.988,1,0,0,0,0,0,1,0,0,1,1,0.839,0.582,1.933,2.811,0.44,3.452,1.809,1.106,2.85,3.81
9.101,1,0,0,0,0,0,0,0,0,1,0,0.813,0.737,0.359,8.253,0.659,3.077,1.974,2.182,4.099,5.931
5.531,0,0,0,0,0,0,0,0,1,1,0,0.195,0.89,0.333,2.788,0.235,5.166,2.376,1.049,2.857,5.628
8.42,1,0,0,0,0,0,0,0,0,0,1,0.847,0.507,1.795,8.955,1.12,5.541,3.343,0.507,3.39,7.224
16.199,0,0,0,0,0,1,0,1,1,0,0,0.346,0.284,0.266,4.393,0.959,7.489,3.953,1.193,2.309,8.335
7.026,0,0,0,0,1,0,1,1,0,0,0,0.075,0.609,0.032,3.422,1.359,3.483,1.263,1.256,4.396,5.12
0.673,1,0,0,1,0,0,1,0,1,0,0,0.7,0.386,0.853,4.806,1.151,3.31,2.3,1.3,4.28,5.793
13.249,1,0,0,0,0,0,0,1,1,0,0,0.904,0.793,1.356,4.436,0.973,3.669,3.547,0.834,2.09,-1.925
7.995,1,0,0,0,0,0,0,0,1,1,0,0.286,0.596,0.494,6.174,0.983,4.925,0.859,0.552,4.902,7.213
7.956,0,0,1,0,1,0,1,0,0,1,1,0.1,0.514,5.445,4.195,1.873,5.373,1.805,0.956,3.184,5.254
5.139,1,0,0,0,0,0,0,0,1,0,1,0.616,0.818,1.324,1.919,0.914,1.992,4.466,1.043,3.797,8.589
9.91,1,0,0,0,0,0,0,0,0,0,1,0.333,0.695,0.156,4.004,1.01,6.959,1.143,0.982,3.63,5.654
12.805,0,0,0,0,1,0,1,1,1,1,0,0.809,0.503,0.051,8.353,0.417,6.242,3.575,1.245,4.239,8.65
7.65,0,0,0,0,0,0,1,0,0,0,1,0.509,0.733,0.102,5.615,1.11,5.041,1.651,0.278,4.174,6.113
7.573,1,0,0,1,0,1,0,0,0,1,0,0.167,0.403,0.131,1.071,0.354,2.736,0.451,1.74,3.468,4.242
14.387,0,0,1,0,0,1,0,0,1,0,0,0.736,0.272,1.333,8.449,0.36,4.14,0.07,0.956,4.318,6.728
9.01,1,0,0,1,0,1,0,0,1,0,0,0.123,0.551,0.599,-5.95,1.295,2.827,2.23,0.537,2.74,9.875
9.36,1,0,0,0,0,1,0,0,1,0,0,0.328,0.658,1.293,0.668,0.872,2.177,0.723,0.711,2.828,1.585
7.497,1,0,0,0,1,1,0,0,1,0,0,0.167,0.886,0.901,9.787,0.813,2.904,2.894,0.484,2.626,5.248
13.602,0,0,0,0,0,0,0,1,0,1,1,0.863,0.59,0.295,5.056,0.95,1.241,0.225,0.772,4.259,6.306
6.023,0,0,0,0,1,0,0,1,0,1,1,0.216,0.918,3.292,-0.873,1.16,2.194,1.045,2.696,3.642,5.622
13.397,0,0,0,0,0,0,1,0,1,1,0,0.567,0.826,1.045,10.835,1.484,4.505,1.795,1.523,4.671,9.23
13.223,1,0,0,1,1,0,0,0,0,0,1,0.017,0.598,0.65,2.108,0.793,2.355,3.425,1.01,4.901,5.345
8.13,0,0,0,0,0,1,0,0,1,1,1,0.154,0.739,1.459,3.979,0.822,5.582,2.044,1.032,3.85,2.331
13.394,1,0,0,1,0,0,0,1,1,0,0,0.101,0.755,0.228,-1.461,0.098,4.225,1.488,1.036,4.23,3.604
13.947,0,0,0,0,0,0,0,0,1,1,0,0.341,0.74,0.391,7.699,0.622,4.28,1.064,0.35,2.991,8.575
12.302,0,0,1,1,1,0,0,0,0,1,1,0.01,0.543,0.154,1.292,0.97,2.75,0.276,1.928,4.296,2.626
18.099,1,0,0,1,0,0,0,1,1,1,0,0.322,0.768,0.18,8.192,0.339,4.945,1.201,0.924,4.154,7.308
2.151,0,0,0,0,0,0,0,0,0,1,1,0.56,0.431,1.136,-2.711,2.425,2.922,1.363,0.56,3.362,6.974
5.34,0,0,0,1,0,0,1,0,0,0,1,0.817,0.876,0.482,3.971,0.657,4.403,0.779,1.125,2.917,3.15
4.494,0,0,0,0,0,0,1,1,0,0,0,0.975,0.427,0.307,2.157,0.76,5.849,0.132,0.837,3.34,8.013
10.671,0,0,0,0,0,1,0,0,0,0,1,0.244,0.621,0.642,3.321,0.922,-2.556,2.431,1.917,4.211,5.643
16.339,1,0,0,0,0,0,0,1,1,0,0,0.351,0.861,4.076,9.184,0.974,3.593,1.69,0.741,4.252,6.056
16.712,0,0,0,0,0,0,1,0,0,1,1,0.244,0.82,1.046,2.137,0.78,3.799,0.824,1.589,2.154,6.365
11.953,1,0,0,1,0,0,1,1,1,0,1,0.9,0.253,1.315,-0.084,0.689,5.684,0.086,0.901,2.936,7.66
13.515,0,0,0,0,0,0,0,0,0,0,1,0.545,0.766,1.583,-0.919,1.303,3.7,1.459,0.74,4.765,1.345
9.421,1,0,1,0,1,0,0,0,1,0,1,0.95,0.847,0.17,4.073,1.035,4.115,3.124,0.458,4.863,4.993
11.876,0,0,1,0,0,0,1,0,0,1,0,0.011,0.222,0.652,4.672,0.351,1.36,3.188,0.367,3.391,5.563
11.505,0,0,0,0,1,0,0,0,0,0,1,0.752,0.666,0.448,-0.198,0.911,1.251,2.854,2.339,4.985,4.09
6.956,1,0,1,0,0,0,0,0,1,0,0,0.647,0.612,1.295,2.63,1.685,3.282,2.734,0.839,2.323,7.748
8.827,0,1,0,0,1,0,0,0,0,0,1,0.518,0.631,0.71,4.464,0.529,0.845,0.411,0.937,2.336,9.509
9.461,1,1,0,0,0,0,1,0,0,1,1,0.32,0.654,0.342,-0.844,0.612,3.398,0.199,0.574,2.075,6.397
15.575,1,0,0,0,0,0,0,0,1,0,0,0.771,0.649,2.201,-1.546,0.328,4.655,0.234,1.267,2.394,1.45
5.852,1,0,0,1,0,0,0,1,0,0,1,0.927,0.503,0.659,-3.202,0.791,4.564,0.87,0.549,3.712,3.089
1.543,0,0,0,1,0,0,1,0,0,0,0,0.796,0.674,2.134,7.537,0.501,5.393,0.419,0.92,2.129,4.928
13.073,0,0,0,0,0,0,0,1,1,1,1,0.046,0.659,1.037,9.57,0.766,2.833,2.112,2.04,3.856,3.621
6.735,0,0,0,0,0,0,0,0,0,1,1,0.654,0.64,0.441,2.797,1.337,0.551,1.451,3.163,2.006,0.568
8.256,1,0,0,0,1,0,1,1,1,1,0,0.72,0.826,5.565,-0.941,1.409,2.744,2.035,1.08,3.793,4.801
13.619,0,0,0,0,1,0,1,0,0,1,1,0.578,0.551,0.216,-1.172,2.434,2.571,0.189,1.212,4.039,4.855
6.948,0,0,0,0,1,0,1,0,0,0,1,0.681,0.329,1.897,3.964,1.089,8.448,0.29,2.297,3.526,3.818
8.636,1,0,0,0,0,0,0,0,0,0,1,0.56,0.881,2.042,9.092,0.871,4.188,1.879,0.998,3.82,3.893
16.01,0,0,0,0,0,1,0,1,1,0,0,0.754,0.745,2.503,-1.443,0.899,0.075,0.777,1.257,4.027,3.623
12.113,1,0,0,0,0,0,1,1,1,0,1,0.726,0.565,0.485,3.703,0.335,4.208,0.596,1.284,4.58,4.431
12.169,1,0,0,1,0,0,1,1,0,0,1,0.953,0.357,0.685,4.57,0.472,3.929,1.535,0.445,2.861,8.725
9.453,0,0,0,0,0,0,0,0,0,1,1,0.177,0.793,1.15,11.765,0.914,4.737,5.06,2.011,4.522,8.846
5.453,0,0,0,0,0,0,0,0,0,0,0,0.568,0.899,0.552,2.127,0.951,4.709,0.846,0.641,2.765,5.409
4.013,0,0,0,0,0,0,1,1,0,1,0,0.381,0.588,0.474,10.038,1.466,5.146,0.216,0.784,4.714,4.543
9.106,1,0,0,0,0,0,0,0,0,1,1,0.253,0.702,0.975,3.886,0.561,1.418,3.548,1.505,3.88,3.575
18.007,1,0,0,0,0,0,0,0,0,0,1,0.222,0.797,0.3,5.644,1.39,4.462,0.644,0.697,4.401,4.489
10.887,0,0,0,1,0,0,0,0,1,0,1,0.415,0.594,0.199,5.964,0.553,6.63,1.526,0.749,3.582,4.844
10.657,0,1,1,0,0,1,0,0,1,0,1,0.041,0.193,0.853,6.058,0.825,5.476,2.378,0.732,4.671,2.844
11.33,1,0,0,0,0,1,1,0,0,0,0,0.502,0.622,0.091,6.275,1.091,6.596,0.21,0.648,2.547,9.766
8.459,1,0,0,0,0,0,1,1,1,1,1,0.601,0.751,0.369,-1.733,0.981,3.244,2.496,0.847,4.421,7.8
4.405,1,0,0,1,0,0,0,0,0,0,1,0.151,0.874,0.274,-4.457,1.991,4.28,2.546,0.553,2.145,2.605
20.703,0,0,0,0,1,0,0,1,0,1,1,0.173,0.524,1.136,4.829,1.671,7.826,1.352,0.85,2.989,7.608
8.305,0,0,0,0,0,0,0,0,0,1,1,0.198,0.188,2.516,-5.538,0.424,4.931,0.872,0.801,2.918,2.702
8.806,0,0,0,0,1,0,0,1,0,0,1,0.948,0.887,0.383,-1.881,0.523,4.317,4.418,1.645,3.049,6.011
2.831,1,0,0,0,1,0,0,0,1,1,1,0.817,0.696,1.179,-5.616,0.424,2.238,1.091,0.358,2.157,8.133
9.008,1,0,1,1,0,0,0,0,0,0,1,0.405,0.666,2.743,-2.219,1.54,5.998,1.446,1.671,3.554,5.839
9.011,1,0,0,0,0,1,0,0,1,1,0,0.192,0.756,0.402,4.103,0.764,6.499,1.823,1.982,4.863,7.586
8.978,1,0,0,0,0,0,1,1,1,0,0,0.262,0.626,0.556,6.144,0.625,3.232,3.201,0.885,4.824,4.919
2.852,1,0,0,0,1,0,1,0,0,1,1,0.235,0.875,0.215,1.056,0.753,5.323,1.032,0.993,4.893,4.327
17.139,1,0,1,1,1,1,1,1,1,0,0,0.735,0.567,0.599,9.058,0.719,3.831,0.406,0.983,3.533,7.893
17.054,0,0,0,0,0,1,0,1,1,1,0,0.052,0.781,0.481,3.91,1.175,3.125,0.123,0.508,4.957,7.51
12.758,0,0,0,0,1,0,0,0,1,0,1,0.239,0.685,0.196,0.929,0.381,5.22,1.272,0.46,4.028,4.359
5.597,1,0,0,0,1,0,1,0,0,1,1,0.362,0.765,0.006,1.525,1.083,4.174,0.349,1.345,4.319,7.391
12.858,1,0,0,0,1,0,1,1,0,1,0,0.41,0.389,0.284,-7.651,0.85,2.483,0.656,2.031,4.187,7.194
9.014,1,0,0,0,1,1,0,1,0,1,1,0.093,0.584,0.103,4.863,0.264,5.554,0.281,1.492,2.927,3.958
8.721,0,0,0,0,0,1,0,0,0,0,1,0.039,0.491,0.217,4.565,1.142,3.859,0.291,1.041,3.159,6.547
15.451,0,0,0,0,0,0,1,0,1,0,1,0.739,0.123,0.52,-2.473,1.09,4.428,1.451,0.817,2.901,0.943
5.088,0,0,0,0,1,0,0,0,0,0,1,0.355,0.534,0.439,7.89,1.012,3.391,0.91,0.876,2.015,5.97
7.955,0,1,0,1,0,0,0,0,1,1,0,0.238,0.532,2.057,4.083,0.582,4.509,2.821,2.095,2.075,2.231
7.075,0,0,0,0,1,1,0,1,1,1,0,0.858,0.1,0.36,-4.077,0.557,3.651,0.918,0.775,4.877,5.512
10.079,0,0,0,0,0,1,1,1,0,0,0,0.848,0.706,2.294,-1.147,0.59,4.302,1.648,0.823,4.078,4.875
3.709,1,0,1,0,0,0,0,0,1,1,1,0.954,0.626,0.829,9.213,1.262,3.944,0.482,0.599,2.314,4.043
7.187,0,0,0,1,0,1,1,0,1,1,1,0.698,0.706,0.112,4.446,0.424,4.003,3.759,1.246,2.524,7.119
12.864,1,0,0,0,0,1,1,1,0,0,1,0.363,0.487,2.975,2.715,0.644,1.681,2.331,0.759,2.973,3.634
11.861,1,0,1,0,0,0,0,0,0,1,0,0.255,0.72,0.241,2.683,0.451,0.829,2.825,1.643,4.348,4.273
6.104,0,0,0,1,0,0,0,0,1,1,0,0.781,0.409,0.012,7.694,0.777,-0.295,1.057,0.704,2.459,6.161
12.237,1,0,0,0,0,0,0,1,1,0,0,0.939,0.483,0.455,4.588,0.748,3.872,1.12,1.541,2.31,5.211
0.269,1,0,0,0,0,0,1,0,0,1,1,0.645,0.87,0.374,4.207,1.828,4.371,3.007,1.402,3.492,8.198
8.638,1,0,0,0,0,0,0,1,0,0,1,0.576,0.803,0.654,4.084,0.858,6.197,1.413,1.929,4.968,3.847
12.852,0,0,0,0,1,1,1,1,1,1,0,0.733,0.764,1.824,5.388,1.343,3.89,0.874,0.679,4.365,6.233
7.364,1,0,0,0,0,0,1,0,1,1,1,0.138,0.794,2.385,1.848,0.646,4.069,1.654,0.56,2.574,5.003
9.854,0,0,0,0,0,0,0,0,0,0,0,0.917,0.627,0.064,0.804,0.864,3.353,0.6,4.001,4.537,2.552
3.627,1,0,0,0,0,1,0,0,1,0,0,0.566,0.8,0.497,3.912,0.761,5.939,0.695,1.377,4.228,4.331
13.391,1,0,0,0,0,1,1,0,1,1,1,0.744,0.792,0.633,7.168,0.673,4.071,1.015,2.727,3.829,2.591
2.598,0,0,1,0,0,0,0,1,0,0,1,0.562,0.204,2.356,7.038,0.861,5.479,1.995,1.321,2.864,2.713
8.705,0,1,0,0,0,1,0,0,1,0,0,0.224,0.679,1.498,5.144,1.402,2.528,0.917,4.614,4.471,3.306
8.979,1,0,0,1,0,1,1,0,0,0,0,0.311,0.751,3.051,8.033,0.123,4.004,0.907,0.445,3.721,5.193
10.244,0,0,0,0,0,1,0,0,0,0,1,0.324,0.851,0.524,4.007,0.681,3.184,0.221,0.545,3.717,-1.044
6.706,0,0,0,1,0,0,1,1,0,0,1,0.372,0.702,0.573,1.885,0.257,6.178,0.75,1.104,4.271,7.727
17.319,0,0,0,0,1,1,0,1,0,0,1,0.643,0.654,0.886,-0.085,1.108,7.078,0.114,1.931,3.869,1.065
4.28,1,0,0,0,1,1,1,1,1,1,0,0.998,0.388,0.155,4.162,1.486,4.102,1.878,1.809,2.683,3.561
11.017,1,0,1,1,0,0,0,0,1,0,0,0.69,0.57,1.955,0.713,0.61,2.323,3.201,1.394,3.042,7.045
-1.759,0,0,0,0,0,1,1,1,0,0,1,0.041,0.85,1.41,1.742,0.702,-0.133,0.3,2.631,2.475,5.64
10.01,1,0,0,0,0,0,0,0,1,1,1,0.081,0.836,0.092,-2.073,0.269,2.544,3.628,4.839,3.456,4.53
12.039,0,0,0,0,0,1,0,0,0,1,1,0.198,0.162,0.622,2.789,0.615,3.509,1.86,0.524,3.883,7.585
5.661,1,0,0,0,0,0,0,0,1,1,0,0.068,0.903,1.147,5.139,1.051,4.95,0.41,1.238,4.671,-0.7
12.819,0,0,0,1,0,0,0,0,1,0,0,0.115,0.353,0.003,1.532,0.547,3.484,0.67,5.093,3.939,7.997
11.324,0,0,0,0,1,0,0,1,0,1,0,0.474,0.55,2.552,5.295,0.953,3.634,1.134,2.533,2.91,3.697
13.905,0,0,0,0,0,0,0,1,1,0,1,0.15,0.31,0.655,1.78,0.963,3.875,0.96,0.744,4.447,1.977
6.627,1,0,0,1,1,0,0,1,1,0,0,0.851,0.578,3.025,2.034,1.519,2.819,2.945,1.062,4.518,5.98
6.118,1,0,0,0,0,0,1,1,0,0,1,0.621,0.766,1.584,5.376,1.45,4.612,1.52,1.7,3.145,5.279
2.914,0,0,1,0,0,1,0,0,0,0,0,0.632,0.419,1.017,-0.692,1.436,6.739,1.429,1.675,2.897,2.169
8.71,0,0,0,0,0,0,0,0,1,1,1,0.118,0.531,0.252,3.096,0.447,7.677,2.406,0.946,3.773,5.558
4.645,0,0,0,1,0,0,0,0,0,1,0,0.102,0.536,0.919,2.658,0.32,6.081,0.756,1.718,4.04,4.938
12.753,1,0,0,0,1,0,0,1,0,0,1,0.066,0.624,0.957,8.953,0.258,2.712,0.613,1.154,4.949,5.825
10.285,1,0,0,0,0,0,1,0,1,0,0,0.225,0.673,1.83,3.265,1.21,3.374,0.039,1.48,4.889,6.629
18.759,0,0,0,0,0,1,0,0,0,1,1,0.52,0.969,2.916,3.904,0.282,4.281,0.19,1.431,4.731,3.409
5.369,1,0,0,0,0,1,0,0,0,0,1,0.02,0.587,0.456,1.312,0.711,6.579,1.831,1.283,4.822,5.948
14.727,0,0,0,0,0,0,1,0,1,0,0,0.555,0.979,0.225,1.919,1.514,2.929,0.243,0.645,3.028,5.671
7.891,0,1,0,0,0,0,1,0,0,0,1,0.088,0.938,0.041,1.134,0.958,4.751,0.168,0.714,2.953,3.986
4.173,0,1,0,0,0,0,1,0,0,0,1,0.97,0.594,0.418,0.268,1.083,0.048,0.692,0.999,3.592,2.449
12.292,0,0,0,0,0,1,1,0,0,0,1,0.586,0.64,0.152,8.094,0.993,4.11,0.336,0.598,4.152,5.428
4.266,0,0,0,0,0,0,1,0,0,0,0,0.27,0.518,2.911,4.722,0.588,3.486,0.371,1.058,4.483,7.697
5.779,1,0,0,0,0,0,0,0,1,0,0,0.718,0.754,0.43,11.724,0.362,2.975,0.381,3.147,3.294,7.543
7.068,1,0,0,0,1,0,1,0,0,1,0,0.552,0.398,1.342,7.39,1.416,4.704,2.421,0.649,2.338,4.495
10.844,1,0,0,0,0,0,1,1,0,0,1,0.86,0.376,1.593,-0.598,0.689,3.496,0.422,1.071,2.248,2.733
6.004,1,0,1,0,0,0,1,1,0,0,0,0.874,0.259,0.15,-1.572,0.295,3.158,1.009,1.45,2.111,1.5
14.311,0,1,0,0,1,0,0,1,1,0,1,0.013,0.7,0.206,6.067,0.37,3.799,0.437,1.608,3,8.956
5.204,0,1,1,0,0,1,0,0,0,1,1,0.168,0.865,0.009,-1.282,0.573,4.234,0.688,2.036,2.857,2.995
10.867,0,0,0,0,0,0,0,0,0,0,0,0.579,0.812,1.272,-0.356,0.556,5.546,0.584,1.332,2.744,5.298
10.572,1,1,0,1,1,0,0,0,0,0,1,0.31,0.506,1.852,3.229,1.296,4.447,0.949,0.917,2.453,5.758
5.737,1,0,0,0,1,1,0,0,0,0,1,0.248,0.717,2.054,2.622,1.113,4.388,0.504,1.022,2.782,3.26
8.286,1,0,1,0,0,0,0,0,0,1,1,0.597,0.66,1.612,1.904,0.485,3.603,0.44,0.578,3.483,4.723
7.375,0,0,0,0,0,0,0,1,1,0,0,0.645,0.569,0.363,6.943,1.635,4.116,3.24,0.605,2.584,8.13
13.838,0,0,0,0,0,0,0,1,0,0,0,0.617,0.225,0.723,6.843,0.308,5.25,1.294,2.271,3.698,1.906
16.224,0,0,0,1,0,0,1,0,0,1,1,0.609,0.682,1.015,15.445,1.04,0.321,0.228,0.818,4.513,6.962
5.837,0,0,0,0,1,0,1,0,0,0,0,0.99,0.793,2.302,4.144,0.169,2.58,1.235,1.723,3.264,2.371
13.722,1,0,0,0,0,0,0,1,0,0,0,0.393,0.794,0.118,-7.465,0.935,4.081,0.814,3.143,2.283,7.281
9.698,1,0,0,0,0,0,0,0,1,0,1,0.374,0.459,0.062,-0.49,0.439,0.653,2.181,1.162,3.12,6.648
2.131,0,0,0,0,0,0,1,1,1,1,1,0.222,0.114,0.753,3.443,0.529,2.567,2.899,1.952,3.287,5.957
6.976,0,0,0,0,0,0,0,0,1,1,1,0.951,0.774,0.764,4.499,2.036,7.751,2.38,1.1,4.873,8.523
11.845,0,0,0,0,0,1,0,0,0,0,0,0.319,0.692,0.301,-1.494,0.268,3.016,0.968,0.525,4.963,5.595
10.58,0,0,0,0,0,1,0,0,1,1,1,0.106,0.322,2.092,4.439,1.211,4.641,1.744,0.622,2.122,4.874
0.231,0,0,1,0,0,0,0,1,1,0,1,0.011,0.881,0.484,-2.3,1.264,4.562,0.207,0.503,2.682,5.565
12.321,1,0,0,0,0,0,1,1,0,0,1,0.062,0.715,0.185,6.087,0.75,4.62,1.132,0.328,3.041,3.671
12.62,0,0,0,0,0,1,0,1,0,0,0,0.538,0.773,2.827,0.757,0.391,3.635,1.08,0.525,4.539,6.892
8.782,1,0,0,0,0,1,1,0,0,0,1,0.659,0.463,0.177,2.742,0.963,4.272,1.867,1.008,4.148,4.759
7.17,0,0,0,0,0,0,1,0,1,1,1,0.014,0.732,0.377,2.764,0.228,4.639,1.664,0.422,2.051,8.523
17.886,0,0,0,0,0,0,1,0,0,1,1,0.495,0.692,0.043,2.733,0.964,6.752,0.457,0.712,2.128,9.687
9.64,1,1,1,0,0,0,0,0,0,1,0,0.991,0.765,2.601,-0.285,1.809,4.738,2.074,2.179,2.546,5.064
9.944,1,0,0,0,0,0,1,1,0,0,0,0.59,0.614,1.449,4.288,0.82,7.374,1.387,1.082,3.832,4.588
5.506,0,0,0,0,0,1,0,0,0,1,1,0.527,0.832,1.756,0.73,0.707,4.159,2.037,2.418,4.577,3.91
4.623,0,0,0,0,0,0,0,0,0,0,0,0.4,0.207,3.141,4.255,1.015,2.207,0.444,0.731,4.538,5.969
3.907,1,0,0,1,0,0,1,0,0,0,1,0.429,0.691,1.14,2.937,1.158,5.977,1.275,0.794,4.826,2.76
8.312,0,0,0,0,1,0,0,0,0,1,1,0.632,0.177,2.518,5.591,1.058,4.192,0.495,2.036,3.314,0.392
15.444,1,0,0,0,0,1,0,0,0,0,1,0.012,0.103,2.345,2.68,0.923,4.04,0.226,1.948,2.458,3.752
17.015,0,0,0,0,0,1,0,0,1,0,1,0.68,0.786,0.105,0.356,1.291,5.783,1.952,0.703,3.401,2.466
16.273,0,0,0,0,0,0,0,0,1,0,0,0.091,0.59,1.533,1.365,0.895,3.449,0.036,1.069,2.051,2.739
15.187,1,0,0,0,0,0,1,1,0,1,1,0.298,0.236,1.668,1.249,1.085,5.586,0.538,0.705,4.844,6.078
9.05,1,0,0,0,0,1,0,1,1,1,0,0.048,0.498,0.406,-3.233,1.409,2.937,4.348,1.11,4.905,4.724
5.103,1,0,0,0,0,0,1,0,0,0,0,0.544,0.647,0.061,4.23,0.85,4.778,1.29,0.748,2.153,2.228
8.689,0,0,0,0,0,0,0,1,1,0,0,0.014,0.451,1.139,3.253,1.187,5.564,2.879,0.403,3.406,2.739
0.35,1,0,0,0,0,0,1,0,0,0,1,0.176,0.443,1.859,7.438,0.742,5.797,1.124,1.233,4.046,7.763
8.745,0,0,0,0,1,0,0,1,1,0,0,0.918,0.913,0.401,-1.288,0.603,4.884,1.178,3.267,3.29,3.053
16.64,1,0,1,1,0,0,1,0,0,0,0,0.272,0.734,0.736,-3.44,0.326,4.074,0.485,0.472,2.195,2.811
10.524,1,0,0,0,0,1,0,0,0,0,0,0.451,0.725,2.402,0.666,0.765,3.406,1.607,1.428,2.54,3.193
14.384,1,0,0,0,0,0,1,0,0,0,0,0.673,0.722,0.248,-0.802,0.417,1.181,1.813,0.39,4.268,4.507
11.957,1,0,0,0,0,0,0,0,0,0,0,0.618,0.621,0.724,-0.645,1.559,0.872,3.137,1.149,4.84,2.34
6.884,0,0,0,0,0,1,1,1,1,1,0,0.382,0.563,0.028,-2.194,1.915,3.093,0.643,0.78,4.712,6.112
16.974,1,0,0,0,1,0,1,1,0,1,0,0.828,0.453,0.3,5.107,1.188,6.987,1.451,0.568,2.56,4.98
9.686,1,0,0,0,0,0,0,0,0,1,0,0.679,0.927,0.259,-0.65,0.857,4.537,0.097,2.281,2.01,4.393
6.098,0,0,1,1,0,0,0,0,0,1,0,0.763,0.846,0.262,4,0.528,5.231,0.432,0.652,4.551,9.163
10.283,0,0,1,0,0,1,1,0,0,0,0,0.157,0.576,2.502,6.967,2.079,3.14,0.315,1.196,3.434,3.885
3.926,0,0,0,1,1,1,0,0,0,0,1,0.1,0.882,0.386,7.081,0.414,7.079,0.888,2.404,3.659,2.882
13.455,1,0,0,0,1,1,0,1,1,1,0,0.219,0.516,0.734,-1.136,0.31,9.388,3.29,1.075,3.073,5.965
12.006,0,0,0,0,0,1,1,0,0,0,1,0.743,0.578,0.169,6.024,2.132,5.271,0.502,0.803,4.85,6.52
8.581,0,0,0,0,1,0,0,1,1,1,1,0.274,0.681,0.087,2.022,1.45,6.193,0.689,1.343,2.817,6.166
8.046,0,0,0,0,0,0,0,1,1,1,1,0.74,0.572,1.24,-4.794,0.699,7.555,1.874,1.633,4.35,4.09
13.745,1,0,0,0,0,0,1,0,0,1,1,0.654,0.736,0.578,2.759,1.02,1.847,0.458,1.744,3.96,6.574
5.75,1,0,0,0,0,0,0,1,0,1,0,0.851,0.672,0.13,12.433,0.539,1.385,0.143,1.107,3.124,9.443
6.065,1,0,0,0,1,0,1,1,1,1,1,0.41,0.614,0.911,6.309,0.591,4.824,0.895,0.564,4.509,3.699
11.697,1,0,0,0,1,1,1,0,0,0,0,0.259,0.792,1.059,2.344,1.669,5.778,0.334,1.733,4.275,5.7
8.195,1,0,0,0,0,0,0,1,1,0,0,0.325,0.453,0,7.808,1.037,4.158,0.258,0.588,4.65,2.789
13.7,0,0,0,0,1,0,1,1,0,1,0,0.738,0.69,0.67,5.79,0.602,1.579,0.934,1.582,4.124,4.063
9.206,0,0,0,0,1,1,1,0,0,0,0,0.833,0.767,0.284,-6.2,0.578,5.31,1.046,0.616,4.414,3.821
14.779,1,0,1,1,0,0,0,0,0,0,0,0.013,0.586,3.154,2.026,1.081,0.937,1.533,1.36,4.682,3.623
11.982,0,0,1,0,0,0,0,0,0,0,1,0.173,0.745,1.35,5.461,0.628,5.682,0.285,0.833,4.761,0.214
1.019,1,0,0,1,1,1,0,0,1,1,0,0.028,0.55,0.175,9.04,0.94,4.852,0.746,1.019,4.625,4.792
4.659,1,0,0,0,1,0,0,0,0,0,0,0.73,0.76,0.031,9.054,1.253,3.461,4.787,2.017,3.039,6.577
15.131,0,0,0,1,1,0,1,1,1,0,0,0.658,0.709,1.117,3.625,0.591,6.561,0.426,0.673,4.371,7.2
12.763,0,0,0,0,0,0,0,0,1,1,1,0.49,0.68,0.339,6.211,0.925,3.017,4.073,0.673,2.699,5.083
6.132,0,0,1,0,0,0,0,0,1,0,1,0.046,0.357,1.978,0.739,0.337,2.238,2.56,3.638,4.165,3.188
4.617,1,0,0,0,0,0,0,0,0,0,1,0.288,0.092,1.449,8.197,2.164,4.91,0.794,0.321,3.153,3.023
14.135,1,0,0,0,0,0,0,1,1,0,1,0.201,0.238,0.177,8.644,0.742,3.082,0.582,0.671,4.56,1.586
6.753,1,0,0,0,0,0,0,0,0,0,0,0.171,0.451,1.881,-2.382,1.095,7.148,4.249,0.571,3.293,2.425
17.207,0,0,0,0,1,0,0,0,0,1,0,0.433,0.761,1.366,6.776,0.375,4.126,0.673,1.731,4.922,7.494
17.086,0,0,0,0,0,0,1,0,1,1,1,0.702,0.823,1.429,2.376,1.096,5.201,0.913,0.785,2.746,4.189
4.181,1,0,0,0,0,0,0,1,0,1,1,0.801,0.588,0.227,4.296,0.479,4.772,0.823,0.776,3.328,2.37
6.617,0,0,0,0,0,0,0,0,1,1,1,0.214,0.894,0.459,-0.664,0.389,5.181,2.009,1.003,2.694,3.753
4.998,1,0,0,0,0,0,0,1,0,0,0,0.165,0.585,0.483,4.121,0.475,4.895,0.604,3.431,3.551,2.93
12.669,1,0,0,0,0,0,0,0,0,0,0,0.755,0.3,0.791,3.265,0.525,0.099,2.528,0.54,4.713,4.585
4.837,0,0,0,0,0,0,0,1,1,0,0,0.922,0.742,0.902,2.34,1.005,5.56,1.038,1.049,4.25,5.209
1.86,1,0,0,0,0,0,0,1,1,1,1,0.93,0.349,0.124,2.452,1.443,4.232,0.188,1.026,2.079,3.588
18.085,0,0,0,0,0,0,0,0,1,0,0,0.763,0.303,0.544,3.097,0.71,7.41,2.555,3.024,3.81,4.552
14.024,0,0,0,0,0,1,0,1,1,1,0,0.033,0.962,1.239,8.713,0.6,3.385,0.928,0.619,3.704,1.28
13.268,1,1,0,0,0,1,1,0,1,0,0,0.171,0.373,0.679,3.114,0.464,5.651,0.346,0.625,3.559,2.197
7.344,0,0,0,1,0,1,0,1,1,1,0,0.845,0.482,0.037,3.703,0.612,5.262,1.803,1.503,3.37,3.425
9.955,1,0,0,1,0,1,0,0,0,1,0,0.8,0.755,0.669,8.827,0.118,2.132,0.342,0.999,3.811,5.981
12.479,0,1,0,0,0,0,0,0,0,1,1,0.286,0.525,0.552,6.9,0.498,5.687,3.408,0.722,4.979,5.653
4.875,0,0,0,1,0,0,1,0,1,0,1,0.387,0.712,0.091,7.618,1.623,4.132,1.124,1.794,2.59,6.516
9.503,1,0,1,0,0,0,0,0,1,0,0,0.677,0.527,0.718,-1.798,1.236,5.776,1.135,4.704,3.822,4.611
10.703,1,1,0,0,0,0,1,0,0,0,1,0.908,0.873,2.051,8.545,0.644,3.467,1.63,0.745,2.372,1.495
16.771,1,0,0,1,1,0,0,0,1,1,1,0.164,0.277,0.361,-5.402,0.713,2.115,1.313,0.924,3.392,5.583
12.569,0,0,0,0,0,0,0,0,0,0,0,0.154,0.592,0.379,4.058,1.197,4.537,1.405,1.776,2.881,1.22
15.129,0,0,0,0,0,0,1,1,0,0,0,0.418,0.684,0.753,6.462,0.287,5.362,1.224,1.037,3.986,3.061
10.562,0,0,0,0,0,0,0,0,0,0,0,0.806,0.806,1.06,8.1,1.484,4.382,1.041,1.807,3.128,5.616
5.55,1,0,0,0,0,0,1,0,0,0,1,0.199,0.929,0.324,0.244,1.335,3.595,3.779,0.826,3.184,2.782
8.641,0,0,0,0,0,0,0,0,0,0,0,0.877,0.048,0.19,-2.067,0.986,3.222,2.575,2.145,4.175,5.999
3.341,0,0,0,0,0,0,0,1,1,1,0,0.501,0.525,0.039,5.456,0.672,4.319,0.209,4.698,4.587,2.699
13.715,0,0,0,0,0,1,0,0,0,0,0,0.011,0.466,1.882,3.432,0.374,2.641,0.694,0.331,3.315,5.12
15.667,1,0,0,1,0,0,1,1,0,0,1,0.324,0.598,0.779,-5.093,0.784,5.471,4.217,1.319,3.088,6.284
9.749,0,0,0,0,1,0,1,0,0,0,0,0.546,0.562,0.259,7.798,0.391,1.205,1.224,0.556,4.417,7.678
6.076,0,0,0,0,0,0,0,1,0,0,1,0.688,0.873,0.785,-0.832,0.702,0.732,0.261,0.693,2.698,5.795
14.349,0,0,0,0,1,1,1,0,0,0,1,0.909,0.61,0.83,-5.451,0.468,3.896,0.361,0.836,4.421,2.663
10.557,1,0,1,0,0,0,0,1,0,0,1,0.495,0.374,0.583,5.917,1.671,4.368,3.249,1.486,3.624,4.854
8.455,0,0,0,0,0,0,1,0,0,0,0,0.039,0.702,0.126,-1.33,0.97,1.505,1.763,0.91,3.803,8.517
14.494,0,0,0,0,0,0,0,0,1,0,0,0.631,0.635,1.056,1.929,2.795,2.638,0.993,1.201,3.658,0.837
6.961,1,0,0,0,0,0,1,1,0,0,1,0.506,0.71,0.223,1.013,1.477,5.043,0.49,1.497,4.385,2.855
14.596,1,0,0,0,0,1,0,0,0,1,0,0.918,0.417,1.384,-3.146,0.454,6.45,1.496,1.977,3.659,8.74
6.63,0,0,0,0,0,0,0,0,0,0,1,0.86,0.574,0.366,4.096,0.409,2.706,0.206,0.515,2.551,4.964
11.566,1,0,0,0,0,1,0,1,1,1,0,0.757,0.35,0.876,3.108,0.846,7.251,2.198,1.498,4.011,9.111
13.566,0,0,0,0,1,1,1,0,0,0,0,0.643,0.576,0.047,0.144,0.59,6.711,1.193,1.294,4.035,8.469
4.659,1,0,0,0,0,1,1,1,0,1,0,0.755,0.604,0.187,0.567,1.293,4.235,0.804,0.681,3.043,4.231
11.592,0,0,0,1,0,0,1,0,0,0,0,0.7,0.866,0.625,7.335,0.777,3.917,0.167,1.154,2.468,1.575
9.554,1,0,0,0,0,0,0,0,1,0,0,0.633,0.923,1.609,2.404,0.592,1.953,0.369,1.083,4.213,5.887
12.703,0,0,0,0,0,0,0,0,1,1,1,0.332,0.7,0.014,4.03,0.282,2.072,1.236,0.549,4.409,7.295
6.846,1,1,0,0,0,1,0,0,1,1,0,0.251,0.6,0.294,-1.575,1.035,6.05,0.215,1.744,4.684,7.715
9.652,1,0,0,0,0,1,0,1,0,0,1,0.452,0.77,1.668,6.444,0.7,3.935,0.265,0.886,2.357,5.896
15.529,0,0,0,0,0,0,0,0,0,1,1,0.765,0.609,0.352,6.72,1.182,3.839,1.236,1.253,2.411,10.77
10.674,0,0,0,0,0,0,0,0,0,1,0,0.895,0.252,0.167,-0.19,1.922,5.564,0.489,0.621,3.493,2.439
13.293,1,0,0,1,0,1,0,1,0,1,0,0.722,0.277,0.539,6.85,0.076,2.836,1.199,0.804,4.275,5.567
9.116,1,0,1,0,0,0,0,1,0,0,1,0.27,0.587,0.312,0.291,1.413,3.372,1.147,0.494,3.87,3.81
5.882,0,0,0,0,0,0,0,0,0,1,1,0.502,0.631,1.827,5.752,1.646,5.07,0.375,1.042,3.665,5.728
9.956,1,0,0,0,0,0,0,1,0,0,1,0.49,0.339,0.916,7.938,1.173,5.323,0.482,0.505,2.069,5.448
5.1,1,0,0,0,0,0,0,1,0,1,1,0.026,0.614,5.801,-0.028,1.348,4.643,1.74,2.896,2.525,4.533
-0.384,1,0,0,0,1,1,0,0,0,0,1,0.627,0.504,0.038,4.751,1.064,4.548,0.242,1.352,2.235,4.534
14.676,1,1,1,1,0,0,1,1,1,1,0,0.793,0.685,0.104,1.278,0.59,5.785,1.705,0.566,3.519,4.779
5.652,0,0,0,0,0,0,0,0,1,0,1,0.793,0.71,0.083,5.99,1.159,3.23,0.236,0.612,3.702,3.323
2.696,0,0,0,0,0,0,0,0,1,1,1,0.148,0.196,3.513,4.256,1.087,3.471,0.399,3.542,4.603,4.309
13.981,0,0,0,0,0,0,0,0,1,1,0,0.572,0.611,0.303,3.426,1.395,3.6,1.378,0.542,4.965,7.447
9.953,0,0,0,0,0,0,1,0,1,1,0,0.219,0.326,0.423,8.994,0.235,6.346,1.275,0.359,4.979,7.357
7.601,1,0,0,0,0,1,0,0,0,0,1,0.895,0.798,1.496,10.488,0.045,4.318,2.713,1.39,3.813,7.557
9.288,0,0,0,0,0,0,0,0,1,0,1,0.337,0.624,0.401,1.93,0.14,3.794,0.211,1.526,3.123,6.538
8.296,1,0,1,0,1,1,1,0,0,0,0,0.728,0.522,1.383,3.37,1.127,2.419,3.151,0.498,2.096,4.744
13.987,0,0,0,0,0,1,0,1,0,1,1,0.274,0.842,1.061,8.367,1.404,6.447,0.298,1.498,2.502,5.757
12.911,1,0,0,0,0,0,0,0,0,0,0,0.611,0.498,5.373,2.392,1.253,0.193,1.006,1.042,4.562,1.32
3.093,1,0,0,0,0,0,0,0,0,0,1,0.191,0.591,0.62,0.934,0.473,5.146,2.241,1.237,3.292,4.14
11.414,1,0,0,0,0,1,0,0,1,0,1,0.379,0.8,1.092,1.215,1.203,5.229,1.193,1.564,4.024,2.739
12.907,0,0,0,0,0,0,0,1,0,0,0,0.655,0.642,0.938,7.718,1.581,-0.117,1.418,1,2.319,6.007
12.673,0,0,1,0,0,0,0,0,0,1,1,0.494,0.663,0.241,2.453,0.748,4.701,1.493,1.034,2.971,5.097
0.303,1,0,0,0,0,0,1,0,1,1,1,0.261,0.603,1.1,7.908,0.672,6.384,0.295,1.074,4.658,9.381
9.059,0,0,0,0,0,0,0,1,0,1,0,0.932,0.844,1.259,8.441,1.538,2.902,0.713,0.556,3.716,5.664
17.919,0,0,0,0,1,1,1,0,0,1,1,0.537,0.673,1.458,0.378,0.417,5.662,0.698,1.277,2.781,5.871
13.187,1,0,0,1,0,0,0,1,0,1,0,0.492,0.616,2.538,5.587,0.448,4.661,0.458,1.618,4.833,2.4
3.163,1,0,1,0,0,0,1,0,1,0,1,0.631,0.842,0.359,2.714,0.923,-2.79,5.646,1.146,3.935,6.099
3.345,0,0,0,0,0,1,0,1,1,0,0,0.881,0.865,0.569,5.064,0.722,6.056,2.344,0.521,2.605,3.843
11.964,1,1,0,0,0,0,0,0,1,1,1,0.461,0.291,0.594,-4.722,1.093,2.568,0.325,0.381,4.156,6.437
9.304,1,0,0,0,1,0,0,1,1,0,1,0.243,0.717,0.638,3.897,0.371,2.477,0.323,1.749,4.48,4.275
13.845,1,0,0,0,1,0,0,1,1,0,0,0.37,0.498,0.106,1.742,0.818,2.775,0.322,1.249,4.644,7.751
11.175,0,0,0,0,0,0,0,0,0,0,1,0.875,0.897,0.047,1.062,1.21,5.299,0.807,0.523,4.506,9.946
10.324,1,0,0,0,1,0,1,0,0,0,1,0.915,0.538,0.823,-0.509,0.5,3.016,0.761,1.756,2.074,4.546
10.735,1,0,0,1,0,0,0,0,1,1,1,0.647,0.53,1.819,-1.394,0.255,3.668,0.44,0.353,3.308,0.812
10.665,1,0,0,0,0,0,1,0,1,0,0,0.545,0.691,0.3,4.779,0.314,3.095,0.259,0.506,2.197,4.105
4.922,1,0,0,0,0,0,0,0,0,1,0,0.904,0.389,0.572,5.207,0.121,4.884,0.944,0.891,2.561,3.561
19.398,1,0,0,0,0,0,1,1,0,1,0,0.153,0.544,1.648,8.635,0.962,7.253,0.108,0.691,2.105,5.828
4.352,1,0,0,1,0,0,1,1,0,0,0,0.011,0.168,0.521,-0.988,0.608,3.407,1.734,0.632,4.918,6.664
9.932,0,1,0,0,1,0,1,0,1,1,1,0.634,0.855,0.136,0.81,1.057,2.509,2.251,2.242,4.517,3.604
7.823,1,0,1,0,1,0,0,1,0,1,0,0.363,0.507,1.054,7.461,0.488,3.269,0.152,0.702,3.85,5.391
17.2,0,0,0,0,0,0,0,1,0,1,0,0.03,0.241,2.088,6.665,0.721,3.247,1.887,0.689,2.016,5.73
14.046,1,0,0,0,0,0,0,0,0,1,1,0.495,0.868,0.876,9.639,1.069,-7.684,0.147,2.683,4.727,6.158
7.745,1,0,0,1,0,0,0,0,0,1,1,0.305,0.729,1.374,3.208,0.794,6.272,0.691,0.65,4.163,3.103
10.822,1,0,0,0,1,0,1,0,1,1,0,0.084,0.862,0.017,6.188,0.437,2.686,2.87,0.767,4.333,3.648
14.662,1,0,0,0,1,0,1,0,0,1,0,0.472,0.778,1.093,-6.239,0.615,6.366,1.123,2.156,4.177,4.577
18.945,0,0,0,0,1,0,0,0,0,0,0,0.364,0.408,1.864,2.651,1.683,3.582,0.444,0.815,4.902,9.457
11.209,1,0,0,0,0,0,0,0,0,0,0,0.311,0.638,0.889,8.108,1.941,4.249,0.221,4.47,3.592,5.307
5.83,0,0,0,1,0,0,0,1,1,1,0,0.724,0.814,0.979,-2.647,0.263,1.672,1.153,0.717,4.38,3.863
6.066,0,1,0,0,1,1,0,1,1,1,0,0.422,0.201,0.931,8.448,0.886,3.614,0.918,1,3.33,7.811
18.023,0,0,0,0,0,0,0,1,1,1,1,0.635,0.304,3.089,1.485,0.427,2.675,3.209,1.046,4.052,8.092
1.718,1,0,0,0,0,0,0,0,1,1,0,0.484,0.939,0.182,7.438,0.847,4.993,1.46,0.587,4.431,3.716
22.223,0,0,0,0,0,0,1,1,0,1,0,0.048,0.72,0.434,12.273,1.455,0.269,0.53,1.068,2.997,4.634
8.955,0,0,0,0,0,0,0,0,0,0,0,0.011,0.838,0.133,4.656,0.616,7.314,0.352,1.129,2.332,2.864
8.182,0,0,0,0,0,0,0,0,0,1,0,0.853,0.285,0.05,4.861,0.943,2.442,3.213,1.045,4.192,4.248
10.63,0,0,0,1,0,0,0,0,0,0,0,0.514,0.78,1.893,7.827,0.375,2.423,0.218,1.097,2.228,0.157
13.734,1,0,0,0,1,0,1,0,1,0,0,0.151,0.621,0.413,6.858,0.803,5.754,0.579,0.291,4.436,6.071
11.211,1,0,0,0,1,1,0,0,0,0,0,0.163,0.573,0.294,-3.312,1.187,0.184,0.098,0.701,2.313,3.875
2.175,0,0,0,1,0,0,1,0,0,0,0,0.123,0.817,2.516,8.169,0.313,5.394,1.722,1.59,2.249,-0.236
11.414,0,0,0,0,0,0,0,0,1,0,1,0.204,0.26,2.095,6.072,1.071,5.107,0.973,0.95,2.451,4.112
11.802,0,0,0,0,0,0,1,0,0,0,1,0.671,0.461,2.046,-0.21,0.667,4.601,2.078,0.491,4.79,5.48
12.638,1,0,1,0,0,0,0,1,1,1,1,0.649,0.576,0.26,7.786,1.453,9.306,4.504,0.851,3.473,4.374
5.874,1,0,0,0,0,1,0,1,1,0,1,0.004,0.616,0.541,0.805,1.892,3.384,3.237,1.712,3.029,4.206
0.516,0,0,0,0,0,0,0,1,1,0,0,0.173,0.745,0.428,-9.75,0.792,3.68,2.674,1.392,2.669,4.203
8.702,0,0,0,0,0,0,1,0,0,0,0,0.096,0.59,1.511,7.057,0.949,4.363,3.201,1.158,4.05,6.349
6.223,0,0,0,0,0,0,0,0,0,1,1,0.835,0.438,0.288,4.036,0.096,2.074,0.491,1.057,2.722,2.595
6.936,1,0,0,0,0,1,0,1,0,0,1,0.725,0.795,2.094,4.755,0.517,4.881,0.26,1.4,3.423,5.534
6.185,1,0,0,0,0,0,0,0,0,1,0,0.414,0.414,0.982,-0.227,1.083,3.541,3.934,0.88,3.478,6.824
8.408,0,0,0,0,0,0,0,0,0,0,0,0.573,0.809,1.811,-2.035,0.919,4.82,0.075,1.18,3.145,7.616
8.755,0,0,0,0,0,0,0,1,1,0,0,0.334,0.582,0.154,3.768,0.379,4.977,4.602,1.224,4.537,7.159
13.184,1,0,0,0,0,0,0,0,0,1,1,0.561,0.6,1.279,8.61,0.066,0.355,1.293,1.24,3.971,0.68
13.946,0,0,0,0,0,0,0,0,0,0,0,0.673,0.368,0.467,-2.323,0.415,4.822,6.722,1.05,2.569,7.05
6.822,0,0,0,0,0,0,1,0,1,1,1,0.31,0.284,0.135,3.217,1.004,2.878,2.085,1.145,4.592,2.933
8.765,0,1,0,0,1,0,0,0,1,0,1,0.68,0.577,1.239,-4.664,0.9,4.695,0.36,2.447,2.273,8.124
11.446,1,0,0,1,0,0,1,1,0,0,0,0.664,0.179,0.419,0.658,1.371,3.552,1.246,0.483,2.355,3.37
15.595,0,0,1,0,0,0,0,0,0,1,0,0.708,0.644,1.381,1.472,0.565,2.027,0.7,0.676,3.145,8.909
9.776,1,0,0,0,0,0,1,1,1,1,1,0.674,0.619,0.398,1.701,0.773,3.134,2.115,0.697,4.604,5.428
3.205,1,0,0,0,0,0,0,0,0,0,1,0.982,0.719,0.744,5.339,1.05,5.036,1.531,1.343,3.682,5.032
10.927,0,0,0,0,0,0,0,0,0,1,1,0.582,0.64,0.946,2.443,0.934,4.583,0.9,0.739,3.739,1.301
9.524,1,0,0,0,1,0,1,0,1,1,0,0.471,0.815,0.127,2.503,1.211,3.085,2.435,0.978,3.181,2.641
17.09,0,0,0,0,0,0,0,0,0,0,1,0.617,0.398,0.991,-0.494,1.322,4.465,0.666,1.179,3.364,4.486
11.374,0,0,0,0,0,0,0,1,1,0,0,0.143,0.448,0.402,1.287,1.653,3.401,1.773,1.735,2.991,5.883
7.508,1,0,0,0,1,0,0,0,0,1,0,0.016,0.631,0.137,2.296,0.529,3.502,2.209,0.992,2.224,3.889
8.242,1,0,1,0,0,0,0,0,1,1,0,0.51,0.425,0.995,-3.236,0.488,6.477,1.379,0.839,2.86,2.674
7.979,0,1,0,0,0,1,1,1,1,1,1,0.681,0.809,2.209,-3.245,1.229,3.163,0.67,3.54,4.993,6.969
10.744,0,0,0,0,0,0,0,0,1,1,1,0.209,0.471,1.068,7.886,1.255,4.062,0.035,0.596,4.608,4.687
10.706,0,0,0,1,0,0,0,0,1,1,0,0.676,0.888,0.068,1.221,0.426,1.88,0.582,2.199,3.866,4.467
13.663,0,0,0,0,0,0,0,1,0,1,0,0.106,0.526,0.67,-1.039,0.843,3.539,3.161,0.62,2.425,5.059
11.281,1,0,1,0,0,0,0,0,1,1,1,0.454,0.786,0.359,-1.735,0.261,3.291,3.661,0.977,4.827,7.968
8.533,0,0,1,0,1,0,0,1,0,1,1,0.999,0.497,0.78,-1.75,0.48,3.506,0.828,1.129,2.035,7.022
6.238,0,0,0,0,0,0,0,1,0,1,0,0.779,0.787,0.273,7.293,1.141,2.959,0.918,0.928,3.168,6.337
12.539,0,0,0,0,0,1,1,0,0,1,1,0.333,0.394,0.703,-0.847,0.449,3.814,1.16,0.896,4.241,5.421
9.75,1,0,0,0,0,0,0,0,1,0,0,0.313,0.503,0.317,6.873,0.881,5.441,1.048,0.708,4.344,5.49
10.731,1,0,0,0,0,0,0,1,0,0,1,0.892,0.851,0.596,9.207,0.417,5.939,0.257,1.557,3.375,5.19
14.415,1,0,0,1,1,1,0,0,0,0,0,0.567,0.645,0.677,2.763,0.458,2.573,0.658,0.849,4.384,10.82
17.008,1,0,0,0,0,0,1,0,1,1,0,0.292,0.658,0.259,-0.984,0.399,7.182,2.529,1.162,3.001,5.802
6.185,1,0,1,0,0,1,0,0,1,1,0,0.436,0.651,1.486,2.78,1.028,3.641,2.69,0.58,4.31,5.944
16.576,0,0,0,0,1,0,0,0,0,1,1,0.16,0.583,0.223,5.153,0.963,2.963,2.16,1.579,4.867,4.191
6.533,1,0,0,1,0,0,1,0,0,1,1,0.791,0.714,0.307,1.402,1.548,2.838,4.489,0.62,4.879,6.856
11.065,1,0,0,0,1,0,0,1,1,1,1,0.653,0.542,0.372,-5.302,0.44,1.136,0.432,2.857,2.176,9.185
10.889,0,0,0,0,0,0,0,1,0,0,0,0.743,0.727,0.55,0.671,1.792,5.877,2.061,0.595,4.186,3.281
8.892,1,0,0,0,0,1,0,0,0,1,1,0.401,0.519,5.499,3.375,0.25,4.412,0.421,0.404,4.499,3.04
15.577,0,0,0,0,1,0,0,0,1,0,1,0.916,0.734,0.411,7.726,0.294,3.784,1.063,1.779,4.934,9.456
7.364,1,0,1,0,0,1,1,0,0,1,1,0.783,0.678,0.596,-1.435,0.624,2.773,0.75,3.06,3.305,2.242
12.642,1,0,0,0,0,1,0,0,0,0,0,0.606,0.953,1.583,2.396,0.694,5.299,0.744,1.769,2.668,5.886
9.947,0,0,0,0,0,0,0,0,1,1,1,0.886,0.426,2.596,5.692,0.522,3.291,0.628,0.802,3.311,3.254
6.274,0,0,0,0,0,0,0,0,1,1,1,0.162,0.899,0.122,-1.343,0.867,3.457,1.687,0.407,3.456,7.226
14.859,0,0,0,0,0,1,1,0,1,1,0,0.887,0.781,2.615,3.348,0.36,1.708,3.723,0.769,2.472,5.131
1.647,1,0,0,1,0,0,1,0,0,1,1,0.253,0.277,0.017,6.637,0.436,5.397,2.741,0.901,4.675,2.609
7.895,1,0,0,0,1,0,0,0,1,1,1,0.461,0.596,0.835,2.334,0.209,3.323,3.793,2.237,3.681,0.492
3.834,1,0,0,0,0,1,1,0,0,0,1,0.005,0.779,4.522,-2.767,0.739,4.613,1.31,1.902,2.949,5.477
10.777,1,0,0,0,0,0,0,0,0,1,1,0.296,0.349,0.2,2.839,1.489,2.345,1.305,1.387,2.227,3.151
11.058,0,0,1,0,0,0,0,0,1,0,1,0.079,0.317,0.661,-0.034,0.964,4.643,0.533,1.448,4.031,4.683
5.525,1,0,0,0,1,1,1,0,1,0,0,0.532,0.565,0.021,0.356,0.275,4.124,0.257,1.767,3.378,4.582
12.604,0,0,0,0,0,0,0,1,0,0,1,0.946,0.815,0.762,-0.511,1.458,5.921,1.13,0.952,4.543,5.584
5.868,1,0,0,0,1,1,0,1,1,0,1,0.67,0.195,1.619,5.959,0.983,1.711,1.724,0.961,4.837,1.87
12.637,1,0,1,1,0,0,0,0,1,1,1,0.706,0.771,0.232,-3.106,1.018,4.675,0.719,0.62,2.715,8.546
10.951,0,0,0,0,0,0,0,0,1,1,1,0.162,0.639,1.74,3.098,0.539,0.791,0.984,2.977,2.243,4.018
12.861,0,0,0,0,0,0,0,0,1,0,0,0.08,0.861,3.906,2.462,2.416,4.023,1.903,0.647,2.819,6.526
6.246,0,0,0,0,0,0,0,0,0,0,0,0.439,0.423,0.861,2.183,0.698,4.567,2.872,1.331,3.172,3.162
10.381,1,0,0,0,1,0,1,0,0,1,1,0.537,0.677,0.241,6.165,0.475,4.181,0.266,0.633,2.493,9.748
8.149,1,0,0,0,0,1,0,0,1,0,1,0.789,0.609,1.204,4.099,0.392,2.351,1.854,1.232,2.341,4.277
4.124,1,1,0,0,0,0,0,0,0,1,0,0.51,0.452,1.836,7.647,0.328,4.297,3.866,1.568,2.307,3.186
10.611,0,0,0,0,0,0,0,0,1,1,1,0.075,0.469,0.907,8.443,1.666,6.699,1.921,0.7,4.66,9.09
17.095,0,0,0,0,0,1,1,0,0,1,0,0.243,0.512,0.987,4.452,1.687,4.903,3.167,1.094,2.809,6.171
7.408,1,0,0,1,0,0,0,1,1,0,1,0.94,0.588,1.316,-1.516,0.942,6.776,3.413,1.876,4.278,5.693
9.201,0,0,0,0,0,0,0,0,1,0,1,0.705,0.787,1.957,-2.394,0.657,3.874,1.185,1.475,3.94,4.703
12.757,1,0,0,0,0,0,0,1,0,0,0,0.35,0.87,0.054,1.257,1.458,3.248,2.911,1.82,4.926,4.028
10.145,0,0,0,1,0,1,0,0,0,0,0,0.195,0.927,0.28,5.858,1.024,5.224,1.044,0.639,2.754,-1.203
17.774,1,0,0,0,0,0,0,0,0,0,1,0.757,0.532,2.549,3.551,0.306,3.512,2.095,1.285,2.104,5.172
12.949,0,0,0,0,0,0,1,0,1,1,1,0.981,0.786,0.715,-4.327,1.215,3.44,3.899,1.611,3.197,4.089
19.285,0,0,0,0,1,0,0,0,0,1,1,0.078,0.889,0.794,3.849,0.435,2.76,1.343,0.283,2.875,6.659
11.396,1,0,0,0,0,0,0,1,0,1,1,0.383,0.171,0.803,3.088,0.812,5.572,0.707,0.665,4.341,-0.556
5.464,1,0,0,0,0,0,1,0,1,1,0,0.414,0.647,0.821,10.412,0.299,3.339,0.513,0.934,4.262,6.285
11.685,1,0,0,1,0,1,0,0,1,1,0,0.533,0.33,0.412,-2.802,0.606,6.861,0.828,0.734,3.523,4.341
6.302,1,0,0,0,0,1,1,1,0,1,0,0.147,0.457,1.146,-3.699,0.896,5.604,0.724,2.066,4.754,4.054
5.972,1,0,0,0,0,0,0,0,0,0,1,0.575,0.4,0.722,5.384,0.453,3.128,3.288,0.384,3.683,4.841
9.242,1,0,0,0,1,0,0,0,1,1,0,0.862,0.7,0.402,1.815,1.029,7.415,0.097,0.814,3.302,5.481
13.736,1,0,1,0,0,1,0,0,1,1,1,0.205,0.627,2.833,0.229,0.597,3.791,1.375,1.001,4.348,6.693
11.376,1,0,0,0,0,0,1,0,1,1,0,0.162,0.507,1.266,10.754,0.923,3.518,1.367,1.834,2.378,5.585
13.256,0,0,0,0,0,1,0,0,1,1,1,0.081,0.626,0.021,11.556,0.854,5.733,1.54,0.524,2.021,5.525
13.661,1,0,0,1,0,0,1,0,0,1,1,0.696,0.759,0.4,8.231,1.106,2.664,0.329,1.766,2.108,3.565
9.313,0,0,0,0,0,0,1,0,1,0,0,0.098,0.32,1.788,6.821,0.801,5.258,3.646,0.572,4.213,2.051
0.391,1,0,0,0,0,1,0,0,0,1,0,0.538,0.398,3.57,1.345,0.543,4.196,0.45,1.024,4.401,3.647
13.184,0,0,0,0,0,1,0,0,1,1,0,0.671,0.963,2.498,6.485,1.351,2.754,2.228,1.069,4.842,9.746
18.676,1,0,0,0,1,0,1,0,0,0,1,0.195,0.498,1.01,1.377,0.727,3.352,0.744,1.154,4.988,4.838
10.234,0,0,0,0,0,1,0,0,0,1,1,0.492,0.773,0.175,-0.5,1.615,3.983,0.572,0.953,2.671,3.847
4.58,0,0,0,0,0,0,0,1,0,1,0,0.252,0.639,0.477,2.77,1.456,2.53,1.063,0.707,4.548,2.443
8.53,1,0,0,0,0,0,0,0,1,0,0,0.234,0.237,0.545,1.612,0.63,3.753,5.21,0.778,2.363,7.52
6.262,1,0,0,0,0,0,0,0,1,0,0,0.821,0.575,0.624,4.5,1.061,0.802,1.413,1.432,4.335,8.134
9.833,1,0,0,1,0,0,0,1,0,1,1,0.61,0.433,0.305,3.06,0.535,6.317,0.242,0.979,3.54,8.538
12.704,1,0,0,0,0,0,0,1,0,1,0,0.475,0.729,0.808,1.619,0.095,6.111,0.438,0.508,4.419,3.818
13.466,1,0,0,0,0,0,1,1,1,0,0,0.14,0.434,0.584,7.356,0.854,2.254,2.683,1.586,4.395,1.712
10.941,1,0,0,0,0,0,1,0,0,0,1,0.11,0.713,3.742,3.848,1.522,2.605,2.818,0.597,3.291,5.07
6.264,1,0,0,0,1,0,0,0,0,0,0,0.132,0.535,0.629,4.897,1.63,6.063,0.298,2.375,2.645,7.056
13.253,0,0,0,0,0,0,0,0,0,0,1,0.959,0.448,0.307,1.034,0.764,4.329,2.485,0.851,3.247,5.962
15.393,1,0,1,1,0,0,1,0,0,1,0,0.152,0.739,2.108,6.848,0.68,1.912,0.717,1.994,4.512,4.601
19.008,0,0,1,0,0,0,0,0,1,0,1,0.234,0.712,2.609,2.671,0.405,4.937,0.94,1.086,3.353,5.637
8.025,0,0,0,0,0,0,0,0,0,0,0,0.257,0.665,0.173,4.983,1.862,4.96,2.364,0.758,2.12,6.08
11.896,0,0,0,0,0,0,0,0,0,1,1,0.936,0.623,1.268,2.151,1.58,5.418,2.132,1.818,2.668,4.622
14.775,1,0,0,0,0,0,0,0,0,0,1,0.501,0.466,2.672,1.024,0.55,7.132,0.076,0.636,4.641,3.185
9.534,0,0,0,0,0,0,0,0,0,0,1,0.878,0.654,1.63,-1.822,1.064,5.401,2.396,1.027,2.877,0.39
12.099,1,1,0,1,0,0,0,1,0,1,1,0.262,0.656,0.946,-2.55,1.097,5.401,1.324,0.885,3.306,1.273
10.858,0,0,1,0,1,0,1,1,0,0,0,0.203,0.64,3.106,12.018,1.73,2.415,0.158,1.493,3.929,5.251
9.462,0,0,0,0,0,1,0,0,0,1,1,0.353,0.93,0.749,0.364,1.083,2.835,1.384,0.87,2.083,2.325
10.674,1,0,0,0,0,0,1,0,1,1,1,0.702,0.373,1.053,0.653,1.013,2.591,2.162,0.869,2.38,7.559
13.859,1,0,0,0,0,0,1,1,0,1,1,0.93,0.776,1.498,6.84,1.027,2.606,1.899,0.64,4.333,6.729
11.635,0,0,0,1,1,0,1,0,0,0,0,0.738,0.769,0.459,2.457,0.713,5.743,0.537,0.599,3.099,5.731
8.134,1,0,1,0,0,0,0,0,0,0,1,0.694,0.63,1.073,2.023,0.87,5.122,3.768,2.04,2.599,3.66
1.041,0,0,1,0,0,0,1,1,0,0,0,0.51,0.439,0.273,4.441,0.25,3.211,3.659,1.851,3.977,1.781
6.82,0,0,1,1,0,0,1,0,0,1,0,0.043,0.671,0.257,5.819,1.304,6.164,1.753,0.915,4.309,1.893
9.92,1,0,0,0,0,1,0,0,0,0,0,0.293,0.631,3.907,-6.203,0.459,3.751,0.766,1.209,2.376,2.801
-0.058,0,0,0,0,0,0,1,1,1,1,0,0.25,0.881,0.472,7.968,0.755,4.808,0.564,1.358,2.059,7.608
18.844,1,0,0,0,1,1,0,0,0,1,0,0.462,0.961,0.633,-3.013,0.633,5.431,0.834,0.943,3.613,5.511
4.045,0,0,1,1,0,0,0,0,0,1,1,0.92,0.605,0.373,6.112,0.889,3.465,2.346,1.171,4.329,2.572
5.357,0,0,0,0,1,0,0,0,0,0,0,0.789,0.747,0.186,-1.236,1.294,4.317,1.178,0.634,4.443,4.264
15.831,1,0,1,0,1,0,0,0,1,1,1,0.166,0.347,0.294,1.697,1.006,3.002,1.228,1.252,4.286,1.953
1.24,1,0,0,0,0,0,0,1,1,1,0,0.768,0.792,1.129,-3.026,1.901,2.803,1.081,1.065,2.613,7.959
12.956,0,0,0,0,0,0,0,1,0,0,1,0.268,0.479,0.203,7.476,0.976,0.355,1.066,1.491,4.728,6.5
8.624,0,0,0,1,1,1,0,0,0,1,0,0.341,0.301,0.426,2.106,0.56,5.148,2.883,0.875,4.961,5.093
11.824,0,0,1,0,0,0,1,0,0,0,0,0.912,0.487,0.346,8.132,1.436,4.031,1.079,1.228,4.101,7.781
13.512,1,0,0,1,0,0,0,0,1,1,0,0.968,0.253,1.51,6.06,0.351,9.388,2.078,0.571,3.355,2.432
6.166,1,0,0,0,0,0,0,1,1,1,1,0.058,0.666,0.542,2.82,0.835,4.999,1.699,1.428,2.033,7.248
7.177,0,0,0,1,0,0,1,0,0,0,0,0.694,0.685,0.84,0.232,0.115,4.69,0.847,2.378,4.286,4.296
-1.988,0,1,0,0,0,0,0,0,0,0,0,0.46,0.675,3.393,4.625,0.449,4.385,2.02,1.41,4.128,1.165
6.156,1,0,0,0,0,0,0,0,1,1,1,0.275,0.648,0.091,-1.614,1.229,3.721,2.212,0.65,3.449,4.427
11.521,1,0,0,0,1,0,0,0,0,0,1,0.42,0.66,0.096,4.438,0.793,5.282,1.167,1.367,3.281,5.784
12.02,0,0,0,0,1,0,1,0,1,1,1,0.972,0.53,0.162,5.473,0.549,2.96,0.573,0.479,4.142,3.432
18.108,0,1,0,0,0,0,0,0,1,0,1,0.063,0.738,1.29,5.319,0.535,3.002,1.01,1.267,4.544,5.322
10.259,1,0,0,0,1,0,0,1,1,1,1,0.986,0.823,0.121,0.336,1.408,0.767,3.151,1.124,2.018,4.707
11.855,1,0,0,1,1,1,0,0,0,0,0,0.348,0.694,2.058,7.923,0.825,5.851,0.478,1.035,2.153,5.662
10.299,0,0,1,0,1,0,0,1,0,0,0,0.3,0.388,1.797,6.768,1.05,4.864,2.103,2.995,3.609,4.851
8.053,0,0,0,0,1,0,1,1,0,0,1,0.586,0.638,0.694,8.801,1.48,4.226,0.431,1.643,3.694,0.273
12.996,0,0,0,0,1,0,0,1,1,0,1,0.489,0.737,0.017,-0.498,0.948,2.105,2.913,0.49,3.947,0.224
11.857,1,0,0,0,0,0,0,1,0,0,0,0.719,0.58,1.102,6.984,1.052,6.052,0.977,1.329,2.036,1.701
10.518,1,0,0,0,0,0,0,0,0,1,0,0.927,0.485,3.507,2.095,1.064,5.359,3.431,0.975,3.314,4.051
6.738,1,0,0,0,0,0,1,0,0,0,0,0.285,0.446,0.108,6.547,0.478,6.566,2.043,0.371,3.319,3.909
9.839,1,0,0,0,0,0,0,0,0,0,0,0.126,0.69,0.395,2.896,0.521,-0.816,1.526,0.598,3.622,5.332
13.126,1,0,0,0,1,1,0,0,0,1,1,0.826,0.551,0.163,3.833,0.427,3.771,0.513,1.889,4.145,7.293
12.706,1,0,0,0,0,0,0,1,1,1,1,0.608,0.411,0.45,-1.16,1.039,3.016,0.459,1.272,3.755,2.972
8.069,1,0,0,0,1,0,1,0,0,0,1,0.547,0.666,0.676,6.665,1.017,6.326,0.229,0.571,3.794,2.866
7.324,0,0,0,0,1,0,0,1,1,0,0,0.717,0.221,0.211,-2.957,0.999,4.147,1.64,1.253,4.8,2.702
12.051,0,0,0,0,1,1,0,1,0,0,0,0.752,0.458,0.486,5.475,0.3,3.888,1.636,2.683,3.634,4.483
14.196,0,0,0,1,0,0,1,1,1,1,0,0.057,0.617,1.954,2.682,0.551,4.247,1.133,0.771,2.856,4.659
10.484,1,0,0,1,0,0,0,0,1,1,1,0.491,0.671,0.549,-2.725,1.092,2.748,0.705,1.304,4.267,3.191
8.747,0,0,0,0,1,0,1,1,0,0,1,0.809,0.785,0.298,-4.356,1.448,6.841,0.236,4.374,3.67,2.495
6.477,1,0,0,0,0,0,0,0,0,0,1,0.722,0.931,1.899,-6.049,0.832,4.288,1.626,0.632,3.501,6.665
8.323,0,0,0,0,0,1,1,0,1,0,0,0.556,0.664,0.418,6.478,0.369,3.132,1.532,0.413,3.325,5.886
4.069,1,0,0,0,0,0,0,0,0,1,1,0.113,0.912,1.08,1.505,0.73,3.984,1.139,2.696,3.873,2.742
7.211,0,0,0,0,0,1,0,1,0,0,1,0.723,0.51,1.797,7.368,1.211,5.753,4.689,0.918,3.402,5.976
